accroupi	accroupir
appelées	appeler
appelle	appeler
appelle	appeler
appelée	appeler
appelle	appeler
appelle	appeler
appelée	appeler
appelée	appeler
appelleMégabyze	appelerégabyzer
a	avoir
balayée	balayer
ceignant	ceigner
combattant	combattre
connu	être
connu	être
connu	être
connu	être
connu	être
connu	être
connu	être
connu	être
connu	être
connue	être
connu	être
connue	être
connu	être
connue	être
connus	être
connu	être
conservée	conserver
dénommée	dénommer
dépouiller	dépouiller
désignées	désigner
désigné	désigner
désignée	désigner
dite	dire
dit	dire
dit	dire
dite	dire
dite	dire
dit	dire
dite	dire
dite	dire
dite	dire
dite	dire
dite	dire
dite	dire
dite	dire
dites	dire
dite	dire
dite	dire
dite	dire
dite	dire
dite	dire
dit	dire
dit	dire
dite	dire
dit	dire
dite	dire
dit	dire
dit	dire
dit	dire
dit	dire
dite	dire
dit	dire
dite	dire
dit	dire
dit	dire
dite	dire
dite	dire
dit	dire
dit	dire
dit	dire
dite	dire
dit	dire
dite	dire
dit	dire
dit	dire
dite	dire
dit	dire
dite	dire
dite	dire
dite	dire
dite	dire
donné	donner
donnent	donner
égorgeant	égorger
éloigne	éloigner
enlevée	enlever
épiant	épier
estampée	estamper
figure	figurer
frottant	frotter
jouant	jouer
nommée	nommer
nommée	nommer
nomme	nommer
nommé	nommer
nommées	nommer
nomme	nommer
nommé	nommer
nommé	nommer
nommé	nommer
nommée	nommer
nommée	nommer
peinte	peindre
portaient	porter
portant	porter
porté	porter
prétendu	prétendre
prétendu	prétendre
prétendu	prétendre
prétendu	prétendre
prétendue	prétendu
prétendue	prétendu
qualifié	qualifier
rapportée	rapporter
Renommé	renommer
renommé	renommer
ressemblant	ressembler
saisissant	saisir
sortant	sortir
surnommé	surnommer
surnommée	surnommer
surnommée	surnommer
surnommé	surnommer
surnommé	surnommer
surnomment	surnommer
surnomma	surnommer
tenant	tenir
tenant	tenir
tonnant	tonner
usurpé	usurper
