abandonnée	abandonner
abandonnée	abandonner
accompagnée	accompagner
accompagné	accompagner
accompagné	accompagner
accompagnée	accompagner
accompagné	accompagner
accosté	accoster
accouchant	accoucher
accouchée	accoucher
accroupie	accroupir
accroupi	accroupir
accroupie	accroupir
accroupie	accroupir
accroupi	accroupir
accroupi	accroupir
accroupis	accroupir
accroupie	accroupir
accroupi	accroupir
accroupi	accroupir
accroupi	accroupir
accroupie	accroupir
accroupie	accroupir
accroupie	accroupir
accroupie	accroupir
accroupie	accroupir
accroupie	accroupir
accroupie	accroupir
accueillant	accueillir
acharné	acharner
achevant	achever
admirant	admirer
admire	admirer
admire	admirer
adorant	adorer
affligé	affliger
affrontés	affronter
agace	agacer
agenouillé	agenouiller
agenouillé	agenouiller
agenouillé	agenouiller
agenouillé	agenouiller
agenouillé	agenouiller
agenouillé	agenouiller
allaitant	allaiter
allaitant	allaiter
allaitant	allaiter
allaitant	allaiter
allant	aller
allant	aller
allant	aller
vont	aller
va	aller
va	aller
va	aller
allant	aller
allumer	allumer
amené	amener
amenant	amener
animant	animer
appelé	appeler
apportant	apporter
apportant	apporter
apportant	apporter
apportant	apporter
apporte	apporter
apporte	apporter
apporte	apporter
apprétant	appréter
apprêtant	apprêter
apprêtant	apprêter
apprêtant	apprêter
apprêtant	apprêter
apprêtant	apprêter
approche	approcher
appuyé	appuyer
appuyé	appuyer
appuyé	appuyer
appuyé	appuyer
appuyé	appuyer
appuyé	appuyer
appuyé	appuyer
appuyé	appuyer
appuyé	appuyer
appuyé	appuyer
appuyée	appuyer
appuyé	appuyer
armant	armer
armé	armer
armé	armer
armé	armer
armé	armer
armé	armer
armé	armer
armer	armer
armant	armer
armant	armer
armé	armer
armé	armer
armé	armer
armés	armer
arraché	arracher
arrivant	arriver
arrivant	arriver
arrivent	arriver
assailli	assaillir
assailli	assaillir
assemblant	assembler
assise	asseoir
assis	asseoir
assis	asseoir
assis	asseoir
assis	asseoir
assise	asseoir
assise	asseoir
assis	asseoir
assise	asseoir
assis	asseoir
assis	asseoir
assis	asseoir
assis	asseoir
assise	asseoir
assise	asseoir
assise	asseoir
assis	asseoir
assis	asseoir
assis	asseoir
assis	asseoir
assis	asseoir
assis	asseoir
assis	asseoir
assis	asseoir
assis	asseoir
assise	asseoir
assis	asseoir
assis	asseoir
assis	asseoir
assise	asseoir
assis	asseoir
assise	asseoir
assis	asseoir
assise	asseoir
assis	asseoir
assise	asseoir
assise	asseoir
assis	asseoir
assise	asseoir
assis	asseoir
assis	asseoir
assise	asseoir
assise	asseoir
assis	asseoir
assis	asseoir
assis	asseoir
assise	asseoir
assis	asseoir
assis	asseoir
assis	asseoir
assis	asseoir
assis	asseoir
assise	asseoir
assis	asseoir
assis	asseoir
assise	asseoir
assis	asseoir
assis	asseoir
assis	asseoir
assis	asseoir
assis	asseoir
assis	asseoir
assis;	asseoir
assise	asseoir
assis	asseoir
assise	asseoir
assis	asseoir
assis	asseoir
assise	asseoir
asservi	asservir
asservi	asservir
assistant	assister
assistant	assister
assistant	assister
assistant	assister
assistant	assister
assisté	assister
assisté	assister
assisté	assister
assistée	assister
assisté	assister
associées	associer
assommant	assommer
assommant	assommer
attachant	attacher
attaché	attacher
attaché	attacher
attachent	attacher
attaché	attacher
attaché	attacher
attaquant	attaquer
attaqué	attaquer
attaquée	attaquer
attaquée	attaquer
attaquée	attaquer
attaquent	attaquer
attaquent	attaquer
atteint	atteindre
atteint	atteindre
attelant	atteler
attelant	atteler
attelé	atteler
attelés	atteler
aveuglé	aveugler
aveuglé	aveugler
a	avoir
a	avoir
avait	avoir
a	avoir
a	avoir
a	avoir
ayant	avoir
bandant	bander
bandant	bander
bandant	bander
battant	battre
bêchant	bêcher
boit	boire
blessé	blesser
blessé	blesser
blessé	blesser
blessé	blesser
blessé	blesser
blessé	blesser
blessé	blesser
blessé	blesser
blessé	blesser
blessé	blesser
blessés	blesser
blessé	blesser
blessé	blesser
boire	boire
boire	boire
boire	boire
boire	boire
boire	boire
boîte	boîter
brandissant	brandir
brandissant	brandir
bravant	braver
brisant	briser
brisant	briser
brûlant	brûler
brûlant	brûler
brûlant	brûler
brûlant	brûler
brûlant	brûler
brûlant	brûler
cabre	cabre
cachant	cacher
caché	cacher
cachées	cacher
cachée	cacher
caché	cacher
calmé	calmer
caparaçonné	caparaîtne
caressant	caresser
caressant	caresser
caresse	caresser
casquée	casquer
casquée	casquer
casquée	casquer
casquée	casquer
casquée	casquer
casquée	casquer
casqué	casquer
casquée	casquer
casquée	casquer
casqué	casquer
casquée	casquer
ceignant	ceigner
ceignant	ceigner
ceint	ceindre
célébrant	célébrer
célébrant	célébrer
célèbrent	célébrer
célèbrent	célébrer
célébrant	célébrer
changé	changer
changé	changer
changée	changer
chargé	charger
chargeant	charger
chargé	charger
chasse	chasser
chasse	chasser
chassant	chasser
cheminant	cheminer
cherchant	chercher
cherchant	chercher
cherchant	chercher
chevauchant	chevaucher
chevauchant	chevaucher
chevauchant	chevaucher
chevauchant	chevaucher
chevauché	chevaucher
coiffée	coiffer
coiffée	coiffer
coiffé	coiffer
coiffé	coiffer
coiffé	coiffer
coiffé	coiffer
combatrant	combattre
combattant	combattre
combattant	combattre
combattant	combattre
combattant	combattre
combattant	combattre
combattant	combattre
combattant	combattre
combat	combattre
combat	combattre
combat	combattre
combattant	combattre
combattant	combattre
combattant	combattre
combattant	combattre
combattant	combattre
combattant	combattre
combattant	combattre
combattant	combattre
combattant	combattre
combattant	combattre
combattant	combattre
combattant	combattre
combattre	combattre
combattant	combattre
combattant	combattre
combattant	combattre
combattant	combattre
combattant	combattre
combattre	combattre
combattant	combattre
combattant	combattre
combattant	combattre
combattant	combattre
combattant	combattre
combattant	combattre
comptant	compter
conduisant	conduire
conduisant	conduire
conduisant	conduire
conduit	conduire
conduit	conduire
conduisant	conduire
conduisant	conduire
conduits	conduire
conduit	conduire
conduit	conduire
conduisant	conduire
conduisant	conduire
conduisant	conduire
conduisant	conduire
conduisant	conduire
conduisant	conduire
conduisant	conduire
conduisant	conduire
conduisant	conduire
conduit	conduire
conduisant	conduire
conduisant	conduire
conduisant	conduire
conduisant	conduire
conduite	conduire
conduisant	conduire
conduisant	conduire
conduisent	conduire
conduit	conduire
conduisant	conduire
conduite	conduire
conduisant	conduire
conduit	conduire
conduits	conduire
conduisant	conduire
conduisant	conduire
confié	confier
consacrer	consacrer
constellée	consteller
consulter	consulter
contemple	contempler
contemplant	contempler
couchés	coucher
couché	coucher
couchée	coucher
couché	coucher
couché	coucher
couchée	coucher
couché	coucher
couché	coucher
couchée	coucher
couché	coucher
couché	coucher
couchés	coucher
couché	coucher
couchée	coucher
couché	coucher
couché	coucher
couchés	coucher
couché	coucher
couché	coucher
couché	coucher
coupant	couper
coupée	couper
coupant	couper
coupant	couper
court	courir
courant	courir
courant	courir
courant	courir
couronné	couronner
couronné	couronner
couronnant	couronner
couronné	couronner
couronné	couronner
couronnant	couronner
couronné	couronner
couronné	couronner
couronné	couronner
couronnant	couronner
couronnant	couronner
couronnant	couronner
couronnant	couronner
couronnant	couronner
couronné	couronner
couronné	couronner
couronné	couronner
couronné	couronner
couronné	couronner
couronné	couronner
couronné	couronner
couronnant	couronner
couronnant	couronner
couronné	couronner
couronné	couronner
couronnée	couronner
couronné	couronner
couronné	couronner
couronné	couronner
couronné	couronner
couronné	couronner
couronné	couronner
couronnant	couronner
couronné	couronner
couronné	couronner
couronnée	couronner
couvert	couvert
couvert	couvert
couvert	couvert
couvert	couvert
crevant	crever
cuirassé	cuirassé
cuirassé	cuirassé
dansant	danser
dansant	danser
dansant	danser
danser	danser
danser	danser
dansant	danser
dansant	danser
dansant	danser
dansant	danser
danser	danser
dansant	danser
dé-posant	déposer
découvrant	découvrir
découvrant	découvrir
défendant	défendre
défendant	défendre
déguisé	déguiser
déguisé	déguiser
déguisé	déguiser
déjouer	déjouer
délivrant	délivrer
délivré	délivrer
délivrant	délivrer
délivrer	délivrer
demandant	demander
demande	demander
demanderà	demander
dénaturée	dénaturer
déposant	déposer
dépouillé	dépouiller
dépouillé	dépouiller
déracinant	déraciner
désarmant	désarmer
désarmant	désarmer
désarmant	désarmer
désarmé	désarmer
descend	descendre
destinés	destiner
du	devoir
doit	devoir
du	devoir
du	devoir
du	devoir
dévore	dévorer
dévorant	dévorer
dictant	dicter
dirige	diriger
disposant	disposer
disputantà	disputanter
dispute	disputer
dispute	disputer
dispute	disputer
dispute	disputer
dispute	disputer
dispute	disputer
disputant	disputer
dispute	disputer
distribuant	distribuer
divinisée	diviniser
domptant	dompter
dompte	dompter
domptant	dompter
domptant	dompter
dompté	dompter
dompté	dompter
donnant	donner
donnant	donner
donnant	donner
donnant	donner
donnant	donner
donné	donner
donné	donner
donnant	donner
donnant	donner
donnant	donner
donnée	donner
dormant	dormir
dotant	doter
drapées	draper
drapés	draper
drapé	draper
drapé	draper
drapé	draper
drapé	draper
drapés	draper
drapés	draper
drapés	draper
drapés	draper
drapés	draper
drapé	draper
drapés	draper
drapé	draper
drapé	draper
drapés	draper
drapée	draper
drapée	draper
drapé	draper
drapée	draper
drapé	draper
drapée	draper
drapée	draper
drapée	draper
drapée	draper
drapée	draper
drapée	draper
drapée	draper
drapé	draper
drapé	draper
drapée	draper
drappée	drapper
dressant	dresser
dressant	dresser
dressés	dresser
éclaire	éclairer
éclairée	éclairer
écoute	écouter
écoutant	écouter
écrasant	écraser
écrasant	écraser
écrivant	écrire
écrivant	écrire
écrivant	écrire
écrivant	écrire
effrayé	effrayer
effrayée	effrayer
effrayé	effrayer
égorgeant	égorger
égorgeant	égorger
égorger	égorger
égorger	égorger
égorger	égorger
élance	élancer
élevant	élever
élevée	élever
élevant	élever
éloignant	éloigner
embrassant	embrasser
embrassant	embrasser
embrassant	embrasser
embrassant	embrasser
embrasser	embrasser
émergeant	émerger
émergeant	émerger
emmenant	emmener
emportant	emporter
emportant	emporter
emportant	emporter
emportant	emporter
emportant	emporter
empourprait	empourir
empruntée	emprunter
empruntées	emprunter
en-voyé	envoyer
encadré	encadrer
enchaînant	enchaîner
enchaînant	enchaîner
enchaîné	enchaîner
enchaîné	enchaîner
enchaîné	enchaîner
enchaîné	enchaîner
encombat	encomber
endormi	endormi
endormi	endormi
endormi	endormi
endormie	endormir
endormie	endormir
enfermé	enfermer
engageant	engager
engageant	engager
enlevépar	enlever
enlevé	enlever
enlevant	enlever
enlevée	enlever
enlève	enlever
enlevé	enlever
enlevé	enlever
enlevant	enlever
enlevant	enlever
enlevant	enlever
enlevant	enlever
enlever	enlever
enlevant	enlever
enlevant	enlever
enlevant	enlever
enlevant	enlever
enlevé	enlever
enlevée	enlever
enlevée	enlever
enlever	enlever
enlevés	enlever
enlevée	enlever
enlevé	enlever
enlevée	enlever
enlever	enlever
enlevée	enlever
enlevant	enlever
enlevant	enlever
enlevant	enlever
enlevé	enlever
enlever	enlever
enlevant	enlever
enlevé	enlever
enrichit	enrichir
ensanglanté	ensanglanter
enseignée	enseigner
enseignant	enseigner
enseignant	enseigner
enseignant	enseigner
enseignant	enseigner
enseigne	enseigner
enseignant	enseigner
enseignant	enseigner
entouré	entourer
entouré	entourer
entouré	entourer
entouré	entourer
entouré	entourer
entouré	entourer
entraînant	entraîner
entraînant	entraîner
entrant	entrer
entrant	entrer
entrant	entrer
entrant	entrer
envo'é	envo'er
escortés	escorter
escorté	escorter
escorté	escorter
essaye	essayer
essaye	essayer
essuyer	essuyer
éteint	éteindre
étendu	étendre
étendu	étendre
étendu	étendre
étouffant	étouffer
étouffant	étouffer
étouffe	étouffer
étouffe	étouffer
étouffant	étouffer
étranglant	étrangler
étranglant	étrangler
étrangle	étrangler
étrangle	étrangler
est	être
éviter	éviter
évoquant	évoquer
évoquant	évoquer
exerçant	exercer
exprimant	exprimer
extraire	extraire
fabriquant	fabriquer
fabriquant	fabriquer
fabriquant	fabriquer
fabriquant	fabriquer
fabriquant	fabriquer
faisant	faire
faisant	faire
faisant	faire
faisant	faire
faisant	faire
faisant	faire
faite	faire
font	faire
faisant	faire
faire	faire
faisant	faire
faisant	faire
faisant	faire
fermée	fermer
figurée	figurer
figurée	figurer
figure	figurer
filant	filer
flatte	flatter
forgeant	forger
forgeant	forger
forgeant	forger
forgeant	forger
foudroyé	foudroyer
foudroyé	foudroyer
foudroyant	foudroyer
foudroyant	foudroyer
foudroyé	foudroyer
foulant	fouler
foulant	fouler
frappé	frapper
frappant	frapper
frottant	frotter
frottant	frotter
frottent	frotter
frotte	frotter
frotte	frotter
frotte	frotter
frotte	frotter
frugifère	frugifer
fuyant	fuir
fuyant	fuir
fuyant	fuir
fulminant	fulminer
gardée	garder
garde	garder
glissent	glire
gonflent	gonfler
gourmandant	gourmander
guettant	guettre
guette	guettre
guidée	guider
habille	habiller
habillant	habiller
habillée	habiller
habillant	habiller
habillée	habiller
harangue	haranguer
hésitant	hésiter
immoler	immoler
initié	initier
inquiète	inquiéter
instruisant	instruire
interrogeant	interroger
inventées	inventer
jetant	jeter
jouant	jouer
jouant	jouer
jouer	jouer
jouant	jouer
jouant	jouer
jouant	jouer
jouant	jouer
jouant	jouer
joue	jouer
jouant	jouer
jouant	jouer
jouant	jouer
jouant	jouer
jouant	jouer
jouant	jouer
jouant	jouer
jouer	jouer
jouent	jouer
jouant	jouer
jouant	jouer
jouant	jouer
jouer	jouer
jouant	jouer
jouant	jouer
jouant	jouer
lançant	lancer
lançant	lancer
lançant	lancer
lancé	lancer
lancés	lancer
lançant	lancer
lauré	laurer
lauré	laurer
lavent	laver
léchant	lécher
levant	lever
levant	lever
levant	lever
levant	lever
lié	lier
liées	lier
liée	lier
liées	lier
liés	lier
liées	lier
lue	lire
livrant	livrer
livrée	livrer
livrant	livrer
luttant	lutter
lutte	lutter
luttant	lutter
luttant	lutter
luttant	lutter
luttant	lutter
luttant	lutter
lutte	lutter
lutte	lutter
luttant	lutter
luttant	lutter
luttant	lutter
luttant	lutter
manger	manger
mangeant	manger
marchant	marcher
marchant	marcher
marcher	marcher
marche	marcher
marchant	marcher
marchant	marcher
marche	marcher
marcher	marcher
mariée	marier
massacre	massacre
mêlée	mêler
menaçant	menacer
menacée	menacer
menaçant	menacer
métamorphose	métamorpher
métamorphose	métamorpher
métamorphosé	métamorphoser
métamorphosé	métamorphoser
métamorphosé	métamorphoser
mettant	mettre
mettant	mettre
mettant	mettre
mirant	mirer
modelant	modeler
montée	monter
monte	monter
monté	monter
montée	monter
monté	monter
montés	monter
monte	monter
monté	monter
monté	monter
monté	monter
monté	monter
monté	monter
montant	monter
montés	monter
mordue	mordre
morte	mourir
mort	mourir
mourant	mourir
mourant	mourir
mort	mourir
mort	mourir
morte	mourir
mort	mourir
mort	mourir
mort	mourir
mort	mourir
mourant	mourir
mourant	mourir
mort	mourir
mort	mourir
munie	munir
NAINS	naître
naissant	naître
naviguant	naviguer
naviguant	naviguer
naviguant	naviguer
NOCES	noire
NOCES	noire
nourrissant	nourrir
nue	nu
nue	nu
nue	nu
nue	nu
nus	nu
nue	nu
observé	observer
occupé	occuper
offrant	offrir
offrant	offrir
offrant	offrir
offre	offrir
offrant	offrir
offrant	offrir
opposé	opposer
orné	orner
ôtant	ôter
paraît	paraître
parles	parler
parles	parler
parler	parler
partageant	partager
passionnée	passionné
percé	percer
perçant	percer
perçant	percer
perçant	percer
perdu	perdre
personnifiée	personnifier
personnifiées	personnifier
personnifié	personnifier
personnifiée	personnifier
personnifiées	personnifier
piaffe	piaffer
picorant	picorer
piétinant	piétiner
placé	placer
placée	placer
pleurant	pleurer
pleurant	pleurer
pleurant	pleurer
pleurent	pleurer
PLANÈTES	poavoir
portant	porter
portant	porter
portant	porter
portant	porter
portant	porter
portant	porter
portant	porter
portant	porter
portant	porter
portant	porter
portant	porter
portant	porter
portant	porter
portant	porter
portant	porter
portant	porter
porte	porter
portant	porter
portant	porter
portant	porter
portant	porter
portant	porter
portant	porter
portant	porter
portant	porter
portant	porter
portant	porter
portant	porter
portant	porter
portant	porter
portant	porter
portant	porter
portant	porter
portant	porter
portant	porter
portant	porter
portant	porter
portant	porter
portant	porter
portant	porter
portant	porter
portant	porter
portant	porter
portée	porter
portée	porter
portant	porter
porte	porter
portant	porter
portant	porter
portait	porter
portant	porter
portant	porter
porte	porter
portant	porter
portant	porter
portant	porter
porte	porter
portant	porter
portant	porter
portant	porter
portant	porter
portant	porter
portant	porter
posée	poser
pose	poser
poursuivis	poursuivre
poursuivant	poursuivre
poursuivant	poursuivre
poursuit	poursuivre
poursuivie	poursuivre
poursuit	poursuivre
poursuivi	poursuivre
poursuivant	poursuivre
poursuit	poursuivre
poursuivant	poursuivre
poursuivi	poursuivre
poursuivant	poursuivre
poursuivies	poursuivre
poursuivie	poursuivre
poursuivie	poursuivre
poursuivant	poursuivre
poursuit	poursuivre
poursuit	poursuivre
poursuivant	poursuivre
poursuivant	poursuivre
poursuivant	poursuivre
poursuivies	poursuivre
poursuivant	poursuivre
poursuivant	poursuivre
poursuivant	poursuivre
précédé	précéder
précédé	précéder
précipiter	précipiter
prise	prendre
prend	prendre
prenant	prendre
prend	prendre
pris	prendre
prise	prendre
prenant	prendre
prise	prendre
prise	prendre
prient	prendre
prie	prendre
prenant	prendre
prendre	prendre
préparant	préparer
préparant	préparer
préparant	préparer
présentant	présenter
présentant	présenter
présente	présenter
présente	présenter
président	président
présidée	présider
prêter	prêter
projetant	projeter
promènent	promener
provoque	provoquer
puni	punir
quadrige	quadriger
ramenant	ramener
ramène	ramener
ramené	ramener
ramenée	ramener
ramène	ramener
rampant	rampant
ramper	ramper
rangée	ranger
rappelé	rappeler
rappelé	rappeler
rappelé	rappeler
rapportant	rapporter
ravissant	ravir
recevant	recevoir
recevant	recevoir
recevant	recevoir
recevant	recevoir
recevant	recevoir
recevant	recevoir
reçus	recevoir
reçoit	recevoir
reçu	recevoir
recevant	recevoir
recevant	recevoir
recevant	recevoir
recevant	recevoir
recevant	recevoir
recevant	recevoir
reconnu	reconnaître
reconnu	reconnaître
recouverte	recouvrir
recouvrant	recouvrir
redemandant	redemander
redemande	redemander
redemande	redemander
redemandent	redemander
réfléchissent	réfléchir
réfugié	réfugier
réfugiant	réfugier
regarde	regarder
relevant	relever
remettant	remettre
remettant	remettre
remettant	remettre
remettant	remettre
remportèrent	remporter
remportèrent	remporter
rendant	rendre
rendant	rendre
rendant	rendre
rendant	rendre
renversé	renverser
réparant	réparer
repentant	repenter
repentant	repenter
reposant	reposer
représenté	représenter
respire	respirer
retenant	retenir
retenant	retenir
retenant	retenir
retirant	retirer
retirant	retirer
retirer	retirer
retirant	retirer
retirer	retirer
revenant	revenir
revenant	revenir
revenant	revenir
revenant	revenir
revêtu	revêtir
revêtu	revêtir
ronge	ronger
ronger	ronger
rôtir	rôtir
sacrée	sacrer
sacrée	sacrer
sacrifient	sacrifer
sacrifiant	sacrifier
sacrifiant	sacrifier
sacrifiant	sacrifier
sacrifiant	sacrifier
sacrifiant	sacrifier
sacrifiant	sacrifier
sacrifiant	sacrifier
sacrifiant	sacrifier
sacrifiant	sacrifier
sacrifiant	sacrifier
sacrifiant	sacrifier
sacrifiant	sacrifier
sacrifiant	sacrifier
sacrifiant	sacrifier
saisissant	saisir
saisi	saisir
saisissant	saisir
saisi	saisir
saisi	saisir
saisissant	saisir
saisissant	saisir
sauve	sauver
sauve	sauver
sait	savoir
secourt	secourir
séduire	séduire
servi	servir
simulée	simuler
soignant	soigner
sortant	sortir
sortant	sortir
sortant	sortir
sortant	sortir
sortant	sortir
sortant	sortir
sortant	sortir
sortant	sortir
souffler	souffler
souffle	souffler
soufflant	soufflir
soufflant	soufflir
soufflant	soufflir
soufflant	soufflir
soulager	soulager
soulève	soulever
soutenant	soutenir
soutenant	soutenir
soutenant	soutenir
suivi	suivre
suivi	suivre
suivie	suivre
suppliant	supplier
supporte	supporter
supportant	supporter
supporte	supporter
surmonté	surmonter
surmontée	surmonter
surmontées	surmonter
surpris	surprendre
surpris	surprendre
surprendre	surprendre
suspendue	suspendre
suspendus	suspendu
taillés	taillé
tendant	tendre
tenant	tenir
tenant	tenir
tenant	tenir
tenant	tenir
tenant	tenir
tenant	tenir
tenant	tenir
tenant	tenir
tenant	tenir
tenant	tenir
tenant	tenir
tient	tenir
tenant	tenir
tenant	tenir
tenant	tenir
tenant	tenir
tenant	tenir
tenant	tenir
tenant	tenir
tenant	tenir
tenant	tenir
tenant	tenir
tenant	tenir
tenant	tenir
tenant	tenir
tenant	tenir
tenant	tenir
tenant	tenir
tenant	tenir
tenant	tenir
tenant	tenir
tenant	tenir
tenant	tenir
tenant	tenir
tenant	tenir
tenant	tenir
tenant	tenir
tenant	tenir
tenant	tenir
tenant	tenir
tenant	tenir
tenant	tenir
tenant	tenir
tenant	tenir
tenant	tenir
tenant	tenir
tenant	tenir
tenant	tenir
tenant	tenir
tenant	tenir
tenant	tenir
tenant	tenir
tenant	tenir
tenant	tenir
tenant	tenir
tenant	tenir
tenant	tenir
tenant	tenir
tenant	tenir
tenant	tenir
tenant	tenir
tenant	tenir
tenant	tenir
tenant	tenir
tenant	tenir
tenant	tenir
tenant	tenir
tenant	tenir
tenant	tenir
tenait	tenir
tenant	tenir
tenant	tenir
tenait	tenir
tenant	tenir
tenant	tenir
tenant	tenir
tenant	tenir
tenant	tenir
tient	tenir
tenant	tenir
tient	tenir
tient	tenir
tenant	tenir
tenant	tenir
tenant	tenir
tenant	tenir
tenant	tenir
tenant	tenir
tient	tenir
tenant	tenir
tenant	tenir
tenant	tenir
tenant	tenir
tenant	tenir
tenant	tenir
tenant	tenir
tenant	tenir
tient	tenir
tenant	tenir
tenant	tenir
tenant	tenir
tient	tenir
tenant	tenir
tient	tenir
tenant	tenir
tenant	tenir
tenant	tenir
tenant	tenir
tient	tenir
tenant	tenir
tenant	tenir
tenant	tenir
tenant	tenir
tenant	tenir
terrassant	terrasser
terrassant	terrasser
tirant	tirer
tirant	tirer
tirant	tirer
tirant	tirer
tirant	tirer
tirant	tirer
tire	tirer
tombé	tomber
tombé	tomber
tombe	tomber
tonnant	tonner
tonnant	tonner
tordant	torder
touchant	toucher
touchant	toucher
tourelée	toureler
tourelée	toureler
tourelée	toureler
tournant	tourner
tracer	tracer
traîné	traîner
traîné	traîner
traîné	traîner
traînée	traîner
traînant	traîner
traîné	traîner
traîné	traîner
traîné	traîner
traîné	traîner
traîné	traîner
traînant	traîner
traîné	traîner
traîné	traîner
traîné	traîner
traîné	traîner
traînant	traîner
transformé	transformer
travaillant	travailler
travaillant	travailler
travaillant	travailler
travaillant	travailler
travaille	travailler
travaillant	travailler
travaillant	travailler
travaillant	travailler
travaillant	travailler
traversant	traverser
traversant	traverser
triomphe	triomphe
triompliant	triomplier
trouvées	trouver
tuant	tuer
tuer	tuer
tuant	tuer
tué	tuer
tué	tuer
tuant	tuer
tue	tuer
tuant	tuer
tuant	tuer
tués	tuer
tuant	tuer
tuant	tuer
tuant	tuer
tué	tuer
tuer	tuer
tue	tuer
tuée	tuer
tue	tuer
tué	tuer
tué	tuer
tue	tuer
tué	tuer
tuant	tuer
tué	tuer
tués	tuer
vaincus	vaincre
vaincu	vaincre
vaincues	vaincre
vaincu	vaincre
vendu	vendre
venant	venir
VÉNUS	venir
venant	venir
versant	verser
versant	verser
versant	verser
versant	verser
versant	verser
verse	verser
vêtu	vêtir
vêtue	vêtir
vêtue	vêtir
vêtu	vêtir
vêtue	vêtir
vêtu	vêtir
vêtue	vêtir
vêtu	vêtir
vêtues	vêtre
vêtues	vêtre
vètu	vivre
voilée	voiler
vu	voir
vue	voir
voit	voir
volant	volant
veut	vouloir
veut	vouloir
veut	vouloir
