token_spacy,lemma,pos
statue,statue,NOUN
Cornaline,Cornaline,PROPN
statues,statue,NOUN
R,r,NOUN
Apelles,Apelles,PROPN
à,à,ADP
Agate,Agate,PROPN
dans,dans,ADP
Il,il,PRON
Apollon,Apollon,PROPN
il,il,PRON
le,le,DET
représente,représenter,VERB
On,on,PRON
Le,le,DET
Aphrodite,Aphrodite,PROPN
Vénus,Vénus,PROPN
Jaspe,Jaspe,PROPN
groupe,groupe,NOUN
on,on,PRON
Tête,Tête,PROPN
les,le,DET
Jupiter,Jupiter,PROPN
tableau,tableau,NOUN
Sardonyx,Sardonyx,PROPN
sur,sur,ADP
vase,vase,NOUN
un,un,DET
deux,deux,NUM
bas,bas,NOUN
Les,le,DET
Kouros,kouros,NOUN
tête,tête,NOUN
coupe,coupe,NOUN
Cylix,Cylix,PROPN
Amphore,amphore,NOUN
Phidias,phidias,ADV
Int,Int,X
Sur,sur,ADP
y,y,PRON
portrait,portrait,NOUN
représentant,représentant,NOUN
Minerve,Minerve,PROPN
type,type,NOUN
représentation,représentation,NOUN
A,a,NOUN
OEnochoé,OEnochoé,PROPN
Peliké,Peliké,PROPN
Athéna,Athéna,PROPN
Amph,Amph,PROPN
Scène,scène,NOUN
mosaïque,mosaïque,PROPN
Apelle,Apelle,PROPN
représenter,représenter,VERB
est,être,AUX
Éros,Éros,PROPN
La,le,DET
Lysippe,Lysippe,PROPN
base,base,NOUN
a,avoir,AUX
Héraclès,Héraclès,PROPN
peint,peindre,VERB
Zeuxis,Zeuxis,PROPN
De,de,ADP
peindre,peindre,VERB
de,de,ADP
la,le,DET
Praxitèle,Praxitèle,PROPN
frise,frise,VERB
Zeus,Zeus,PROPN
vases,vase,NOUN
une,un,DET
Myron,Myron,PROPN
stèle,stèle,NOUN
Achille,Achille,PROPN
temple,temple,NOUN
Onyx,Onyx,PROPN
Amour,Amour,PROPN
belle,bel,ADJ
au,au,ADP
Hercule,Hercule,PROPN
tableaux,tableau,NOUN
Cupidon,Cupidon,PROPN
représentations,représentation,NOUN
petit,petit,ADJ
pierres,pierre,NOUN
camée,camée,NOUN
pour,pour,ADP
oeuvre,oeuvre,NOUN
métopes,métope,PROPN
ce,ce,DET
portraits,portrait,NOUN
l',le,DET
Aphrodite,Aphrodite,PROPN
statuette,statuette,NOUN
Antinoüs,Antinoüs,PROPN
Vase,Vase,X
célèbre,célèbre,ADJ
Ajax,Ajax,PROPN
Améthyste,Améthyste,PROPN
en,en,PRON
reconnaître,reconnaître,VERB
se,se,PRON
Alexandre,Alexandre,PROPN
Hermès,Hermès,PROPN
Plusieurs,plusieurs,DET
scènes,scène,NOUN
HÉRACLÈS,HÉRACLÈS,PROPN
peintre,peintre,VERB
Héra,Héra,PROPN
Satyre,Satyre,PROPN
cratère,cratère,NOUN
l',le,DET
Hercule,Hercule,PROPN
des,de,ADP
Bacchus,Bacchus,PROPN
peignit,peindre,VERB
II,II,NUM
Sauroctone,Sauroctone,PROPN
œuvre,œuvre,NOUN
œuvres,œuvre,NOUN
têtes,tête,NOUN
korè,korè,X
Prime,Prime,X
buste,buste,NOUN
beau,beau,ADJ
reconnaît,reconnaître,VERB
figure,figure,NOUN
magnifique,magnifique,ADJ
représentent,représenter,VERB
Combat,Combat,PROPN
Au,au,ADP
Hydrie,Hydrie,PROPN
nom,nom,NOUN
Oxybaphon,Oxybaphon,PROPN
amphore,amphore,NOUN
Pâte,Pâte,PROPN
sont,être,AUX
figurine,figurine,NOUN
Persée,perser,VERB
Sarcophage,Sarcophage,PROPN
l',le,DET
Anguipède,Anguipède,PROPN
chef,chef,NOUN
original,original,ADJ
bustes,buste,NOUN
Ce,ce,PRON
Calcédoine,Calcédoine,PROPN
d',de,ADP
un,un,DET
l,l,DET
Rhyton,Rhyton,PROPN
D',de,ADP
un,un,DET
Hyacinthe,Hyacinthe,PROPN
celui,celui,PRON
Théodore,Théodore,PROPN
Ptolémée,Ptolémée,PROPN
fameux,fameux,ADJ
Des,un,DET
Alkamènes,Alkamènes,PROPN
Coupe,coupe,NOUN
Lécythus,Lécythus,PROPN
coupes,coupe,NOUN
sujets,sujet,NOUN
autel,autel,NOUN
stèles,stèle,NOUN
scène,scène,NOUN
plinthe,plinth,ADJ
ces,ce,DET
Grenat,Grenat,PROPN
Artémis,Artémis,PROPN
Statue,Statue,PROPN
roi,roi,NOUN
l',le,DET
empereur,empereur,NOUN
donna,donner,VERB
Korè,Korè,PROPN
cheval,cheval,NOUN
auteur,auteur,NOUN
très,très,ADV
Polygnote,Polygnote,PROPN
Athènes,Athènes,PROPN
l',le,DET
artiste,artiste,NOUN
nous,nous,PRON
fameuse,fameux,ADJ
Naissance,Naissance,PROPN
Bryaxis,Bryaxis,PROPN
enlèvement,enlèvement,NOUN
Elles,lui,PRON
suicide,suicide,NOUN
montre,montre,VERB
Lampe,lamper,PRON
reconnue,reconnaître,VERB
Cratère,Cratère,PROPN
Peint,Peint,PROPN
intaille,intaill,ADJ
marbres,marbre,NOUN
représenta,représenter,VERB
Thésée,Thésée,PROPN
Faune,faune,NOUN
Céphisodote,Céphisodote,PROPN
char,char,NOUN
combat,combat,NOUN
Crésilas,Crésilas,PROPN
THRASON,THRASON,PROPN
gemme,gemme,NOUN
cornaline,cornaline,NOUN
ils,il,PRON
kélébé,kélébé,PROPN
montrant,montrer,VERB
sous,sou,ADP
oenochoé,oenochoé,NOUN
elle,lui,PRON
procession,procession,NOUN
Canthare,Canthare,PROPN
Poséidon,Poséidon,PROPN
CHÉNEAU,CHÉNEAU,PROPN
Réunion,Réunion,PROPN
Athéniennes,Athéniennes,PROPN
Timanthe,Timanthe,PROPN
Aristophon,Aristophon,PROPN
César,César,PROPN
Dans,dans,ADP
Protogènes,protogène,NOUN
Mars,mars,NOUN
Laocoon,Laocoon,PROPN
Aristides,Aristides,PROPN
Panaenus,Panaenus,X
Philiscus,Philiscus,PROPN
Déesse,Déesse,PROPN
Dédale,dédale,NOUN
Dionysos,Dionysos,PROPN
grappe,grappe,NOUN
Aryballe,Aryballe,PROPN
l',le,DET
un,un,DET
peignant,peindre,VERB
où,où,PRON
naissance,naissance,NOUN
peinture,peinture,X
fronton,fronton,NOUN
bouclier,bouclier,NOUN
Nymphes,Nymphes,PROPN
Onatas,Onatas,PROPN
ex,e,NOUN
Paionios,Paionios,PROPN
réplique,réplique,NOUN
Aglaophon,Aglaophon,PROPN
Scopas,Scopas,PROPN
faire,faire,VERB
quadrige,quadrige,NOUN
Antéfixe,Antéfixe,PROPN
Ils,il,PRON
L',le,DET
artiste,artiste,NOUN
Latone,Latone,PROPN
Jugement,jugement,NOUN
DÉPART,DÉPART,PROPN
l',le,DET
enlèvement,enlèvement,NOUN
peintures,peinture,NOUN
Nicératus,Nicératus,PROPN
Kélebé,Kélebé,PROPN
Polyclès,Polyclès,PROPN
Pythagore,Pythagore,PROPN
Mosaïque,Mosaïque,PROPN
Une,un,DET
Cyathis,cyathi,NOUN
Exposition,exposition,NOUN
Aryballos,Aryballos,PROPN
était,être,AUX
près,près,ADV
firent,faire,VERB
portique,portique,NOUN
jeune,jeune,ADJ
Trophées,Trophées,PROPN
bataille,bataille,NOUN
inspira,inspirer,VERB
épisodes,épisode,NOUN
Silène,Silène,PROPN
Oreste,oreste,VERB
trépied,trépied,NOUN
Petite,petit,ADJ
POLYDORE,polydore,NOUN
ANTIGONE,ANTIGONE,PROPN
dédièrent,dédier,VERB
APOLLONIUS,APOLLONIUS,PROPN
ARCÉSILAS,ARCÉSILAS,PROPN
C,c,NOUN
ARISTANDRE,ARISTANDRE,PROPN
Dinoménès,Dinoménès,PROPN
lui,luire,PRON
Cyzique,Cyzique,PROPN
Rome,Rome,PROPN
HÉPHÆSTION,HÉPHÆSTION,PROPN
Αntinοϋs,Αntinοϋs,PROPN
ARISTOCLÈS,ARISTOCLÈS,PROPN
Pausanias,Pausanias,PROPN
Elle,lui,PRON
cette,ce,DET
c',ce,PRON
est,être,AUX
Rhodes,Rhodes,PROPN
Génie,Génie,PROPN
DAMÉAS,DAMÉAS,PROPN
kouros,kouros,NOUN
ANTIPHANE,ANTIPHANE,PROPN
attribue,attribuer,VERB
PRAXIAS,PRAXIAS,PROPN
MÉNECHME,MÉNECHME,PROPN
PYTHOCRITE,pythocrite,VERB
monument,monument,NOUN
encensoir,encensoir,NOUN
Grâces,Grâces,PROPN
CLÉOMÈNES,cléomèner,VERB
qu',que,SCONJ
il,il,PRON
CÉPHISODOTE,CÉPHISODOTE,PROPN
MNASITIME,MNASITIME,PROPN
Éphèse,Éphèse,PROPN
MICON,MICON,PROPN
Bupale,bupale,NOUN
Genoux,Genoux,PROPN
Vases,vase,NOUN
Kléanthès,Kléanthès,PROPN
moulage,moulage,NOUN
Cléobis,Cléobis,PROPN
Sphinx,Sphinx,PROPN
Kandaule,Kandaule,PROPN
Kallon,Kallon,PROPN
statuettes,statuette,NOUN
Éphèbe,Éphèbe,PROPN
Koré,Koré,PROPN
Kallitèles,Kallitèles,PROPN
Sirène,Sirène,PROPN
Kallimaque,Kallimaque,PROPN
Colosse,Colosse,PROPN
colonne,colonne,NOUN
Ekhion,Ekhion,PROPN
Glaukos,glauko,NOUN
Kalamis,Kalamis,PROPN
Aristrate,Aristrate,PROPN
Dsedale,Dsedale,PROPN
Harmodios,harmodio,NOUN
Ilégias,Ilégias,PROPN
core,core,NOUN
l',le,DET
Apollon,Apollon,PROPN
Kouroï,Kouroï,PROPN
jumeaux,jumeau,NOUN
Artamènes,Artamènes,PROPN
Stèle,Stèle,PROPN
Arkésilaos,Arkésilaos,PROPN
Pinax,Pinax,PROPN
théâtre,théâtre,NOUN
qu',que,SCONJ
une,un,DET
Stéphanos,Stéphanos,PROPN
bouclierde,bouclierde,NOUN
Marcus,Marcus,PROPN
bronzes,bronze,NOUN
Damophôn,Damophôn,PROPN
Cypris,cypris,VERB
guerrier,guerrier,NOUN
gymnase,gymnase,NOUN
figurent,figurer,VERB
Relief,Relief,PROPN
Portique,Portique,PROPN
vieille,vieux,ADJ
sculptait,sculpter,VERB
phalères,phalère,NOUN
taillant,tailler,VERB
nlevé,nlevé,NOUN
Aplirodite,Aplirodite,PROPN
Asklépiodore,Asklépiodore,PROPN
Athéné,Athéné,PROPN
habitants,habitant,NOUN
conservait,conserver,VERB
dessins,dessin,NOUN
galerie,galerie,NOUN
balailie,balailie,X
Laphaës,Laphaës,PROPN
L',le,DET
Aphrodite,Aphrodite,PROPN
simulacre,simulacre,PROPN
miroirs,miroir,NOUN
Léarque,Léarque,PROPN
Antiphanès,Antiphanès,PROPN
portait,porter,VERB
Mikon,Mikon,PROPN
Ménekhme,Ménekhme,PROPN
Portrait,Portrait,PROPN
Philippe,Philippe,PROPN
Κωλώτης,Κωλώτης,PROPN
table,table,NOUN
Praxitèles,Praxitèles,PROPN
réalisation,réalisation,NOUN
objet,objet,NOUN
Skopas,Skopas,PROPN
VAjax,VAjax,PROPN
Yl',Yl',PROPN
Irjsse,Irjsse,PROPN
ivoires,ivoire,ADJ
Cyrénéens,Cyrénéens,PROPN
Argiens,Argiens,PROPN
Cerf,Cerf,PROPN
Variante,Variante,PROPN
Ganymède,Ganymède,PROPN
Anadyomène,Anadyomène,PROPN
éphèbes,éphèbe,ADJ
monnaies,monnaie,NOUN
sans,sans,ADP
voyait,voir,VERB
Aiguë,Aiguë,PROPN
légende,légende,X
devait,devoir,VERB
Chrysolite,Chrysolite,PROPN
Diane,Diane,PROPN
Orsini,Orsini,X
PIERRES,pierre,NOUN
Pierres,pierre,NOUN
représenté,représenter,VERB
xJaspe,xjaspe,DET
aurions,aurion,ADJ
restaurer,restaurer,VERB
tombeau,tombeau,NOUN
reconstituer,reconstituer,VERB
YApoxyoménos,YApoxyoménos,PROPN
influence,influence,NOUN
rattacher,rattacher,VERB
s',se,PRON
apparente,apparenter,VERB
HCornaline,HCornaline,PROPN
Serapis,Serapis,PROPN
patène,patèn,ADJ
excellente,excellent,ADJ
apparenté,apparenté,ADJ
VÉNUS,VÉNUS,PROPN
Aphrodites,Aphrodites,PROPN
Éléphant,Éléphant,PROPN
APHRODITES,APHRODITES,PROPN
Cacus,Cacus,PROPN
Celle,celui,PRON
piédestaux,piédestal,NOUN
maints,maint,ADJ
l',le,DET
aigle,aigle,NOUN
Deucalion,Deucalion,PROPN
Salomon,Salomon,PROPN
Glarac,Glarac,PROPN
L',le,DET
Hercule,Hercule,PROPN
Femme,Femme,PROPN
Nymphe,Nymphe,PROPN
Boutique,Boutique,PROPN
Foulon,Foulon,PROPN
trésor,trésor,NOUN
figurant,figurer,VERB
consacrèrent,consacrer,VERB
Bas,Bas,PROPN
c',ce,PRON
estGorgias,estgorgias,ADV
bœuf,bœuf,NOUN
Toutes,tout,ADJ
Temple,temple,NOUN
Moulages,moulage,NOUN
Létô,Létô,PROPN
Lacédémoniens,Lacédémoniens,PROPN
L',le,DET
omphalos,omphalo,NOUN
L',le,DET
hydre,hydre,NOUN
Heraclès,Heraclès,PROPN
Dioscures,dioscure,NOUN
Statues,Statues,PROPN
Hephsestiôn,Hephsestiôn,PROPN
Trésor,Trésor,PROPN
chaudron,chaudron,NOUN
Athénodoros,Athénodoros,PROPN
grande,grand,ADJ
modèle,modèle,NOUN
monuments,monument,NOUN
dernière,dernier,ADJ
offrande,offrande,X
offrandes,offrande,NOUN
Étoliens,Étoliens,PROPN
description,description,NOUN
Amazone,Amazone,PROPN
étaient,être,AUX
Rosmerta,Rosmerta,PROPN
belles,bel,ADJ
jolie,joli,ADJ
érigèrent,ériger,VERB
édifice,édifice,NOUN
âne,âne,NOUN
voyez,voir,PROPN
Auguste,Auguste,PROPN
personnification,personnification,NOUN
travaux,travail,NOUN
tout,tout,ADJ
taureau,taureau,NOUN
seize,seize,NUM
qui,qui,PRON
plusieurs,plusieurs,DET
placèrent,placer,VERB
omphalos,omphalo,NOUN
entre,entrer,ADP
En,en,ADP
Ilabron,Ilabron,PROPN
consécration,consécration,NOUN
Pluton,Pluton,PROPN
Olla,Olla,PROPN
Patère,patère,NOUN
Juba,Juba,PROPN
Hylas,Hylas,PROPN
Gaîne,Gaîne,PROPN
Divinité,Divinité,PROPN
Constaxtine,Constaxtine,PROPN
Actéon,Actéon,PROPN
Ouvriers,ouvrier,NOUN
Pelée,peler,ADJ
voir,voir,VERB
seraient,être,AUX
qu',que,SCONJ
au,au,ADP
notre,notre,DET
monomachies,monomachie,NOUN
Phiale,Phiale,PROPN
exprimer,exprimer,VERB
exprime,exprimer,VERB
VASES,vase,NOUN
Phrixos,Phrixos,X
OEdipe,OEdipe,PROPN
Néarchos,Néarchos,PROPN
Potier,potier,NOUN
orné,orner,VERB
centaure,centaure,NOUN
Déméter,déméter,VERB
Départ,départ,NOUN
aperçoit,apercevoir,VERB
Eros,Eros,PROPN
Grecs,Grecs,PROPN
Hector,Hector,X
Hypnos,Hypnos,PROPN
Siléne,Siléne,PROPN
Hébé,Hébé,PROPN
PEINTURES,peinture,NOUN
MONOCHROME,MONOCHROME,PROPN
Khrysos,Khrysos,PROPN
Deux,Deux,NUM
Bien,bien,ADV
L',le,DET
offrande,offrande,NOUN
Attitude,Attitude,PROPN
Lutte,Lutte,PROPN
Muse,Muse,PROPN
Ménades,Ménades,PROPN
Ménélas,Ménélas,PROPN
Polyphème,Polyphème,PROPN
Retour,retour,NOUN
Certains,certain,PRON
l',le,DET
attitude,attitude,NOUN
morte,mourir,VERB
musée,musée,NOUN
médaillon,médaillon,NOUN
cylix,cyli,NOUN
palais,palais,NOUN
patère,patère,NOUN
produits,produit,NOUN
remarquable,remarquable,ADJ
reproduisant,reproduire,VERB
SACRITICE,sacritice,NOUN
répétition,répétition,NOUN
s',se,PRON
inspirent,inspirer,VERB
Nicosthènes,Nicosthènes,PROPN
L',le,DET
une,un,DET
Exékias,Exékias,PROPN
vient,venir,VERB
représentée,représenter,VERB
petite,petit,ADJ
l',le,DET
intérieur,intérieur,NOUN
contre,contre,ADP
élégant,élégant,ADJ
danse,danse,NOUN
l',le,DET
aryballe,aryballe,NOUN
Saciifice,Saciifice,PROPN
l',le,DET
apothéose,apothéose,NOUN
Scènes,Scènes,PROPN
L',le,DET
admirable,admirable,ADJ
Thétis,Thétis,PROPN
aryballe,aryball,ADJ
aryballes,aryballe,ADJ
aryballesen,aryballesen,PROPN
aventures,aventure,NOUN
certains,certain,PRON
Ker,Ker,PROPN
chasse,chasse,NOUN
plus,plus,ADV
combats,combat,NOUN
d',de,DET
autres,autre,ADJ
dieux,dieu,NOUN
dont,dont,PRON
décor,décor,NOUN
olpés,olpé,NOUN
emprunté,emprunter,VERB
exemplaire,exemplaire,ADJ
font,faire,VERB
grand,grand,ADJ
Danse,Danse,PROPN
grillon,grillon,NOUN
enlevé,enlever,VERB
Lyson,Lyson,PROPN
avec,avec,ADP
colossale,colossal,ADJ
copié,copié,NOUN
d',de,ADP
Antiphile,Antiphile,PROPN
d',de,ADP
Apelles,Apelles,PROPN
donné,donner,VERB
désignée,désigner,VERB
Canéphores,Canéphores,PROPN
représentait,représenter,VERB
magnifiques,magnifique,ADJ
fresque,fresque,NOUN
gravèrent,gravèrent,NOUN
grylies,grylies,X
génisse,géniss,ADJ
knide,knide,VERB
d',de,ADP
Agrigente,Agrigente,PROPN
l',le,DET
œuvre,œuvre,NOUN
lalijsus,lalijsu,ADJ
admirable,admirable,ADJ
Thespies,Thespies,PROPN
Terrés,Terrés,PROPN
admirer,admirer,VERB
Mummius,Mummius,PROPN
Cos,Cos,X
Vro,Vro,PROPN
Klitus,Klitus,PROPN
L',le,DET
Alexandre,Alexandre,PROPN
L',le,DET
Aphro,Aphro,PROPN
Néron,Néron,PROPN
Pankasté,Pankasté,PROPN
Patras,Patras,PROPN
aryballiscos,aryballisco,ADJ
Pompe,pompe,NOUN
du,de,ADP
Praxitè,Praxitè,PROPN
Procession,procession,NOUN
copies,copie,NOUN
bel,bel,ADJ
Verrès,Verrès,PROPN
Pyrgotèles,Pyrgotèles,PROPN
Transportée,Transportée,PROPN
Tes,te,ADJ
Ttjkhé,Ttjkhé,PROPN
Scipion,Scipion,PROPN
VAplirodile,vaplirodil,ADJ
Victoires,victoire,NOUN
montrait,montrer,VERB
médaille,médaille,NOUN
Bérénice,Bérénice,PROPN
Lysistrate,Lysistrate,PROPN
l',le,DET
extérieur,extérieur,NOUN
Hérodote,Hérodote,PROPN
reconnaissent,reconnaître,VERB
statuaire,statuaire,ADJ
Glaucippe,Glaucippe,PROPN
Euticrate,euticrate,NOUN
Un,un,DET
face,face,NOUN
Euthicrate,Euthicrate,PROPN
grands,grand,ADJ
skyphos,skypho,NOUN
Alphée,Alphée,PROPN
Andron,Andron,PROPN
Amazones,Amazones,PROPN
Amours,Amours,PROPN
Euphranor,Euphranor,PROPN
retrace,retracer,VERB
Asiatique,asiatique,ADJ
remarque,remarque,VERB
petites,petit,ADJ
Borée,borée,NOUN
Laïs,Laïs,PROPN
débris,débris,NOUN
Ceux,celui,PRON
L,l,DET
porlrait,porlrer,VERB
qu',que,SCONJ
Apelles,Apelles,PROPN
reusement,reusement,NOUN
satyre,satyre,NOUN
reproduire,reproduire,VERB
Thespiens,Thespiens,PROPN
Rhodiens,Rhodiens,PROPN
Protogène,Protogène,PROPN
L',le,DET
autre,autre,ADJ
Revers,Revers,PROPN
Paralos,Paralos,PROPN
Cnidiens,Cnidiens,PROPN
l',le,DET
Athéna,Athéna,PROPN
plaque,plaque,NOUN
préparatifs,préparatif,VERB
Éphestion,éphestion,NOUN
Gerhard,Gerhard,PROPN
L',le,DET
intérieur,intérieur,NOUN
tyran,tyran,NOUN
poëte,poëte,NOUN
femme,femme,NOUN
Pline,Pline,PROPN
ACESTOR,ACESTOR,PROPN
camées,camé,NOUN
MÉNODORE,ménodore,NOUN
trépieds,trépied,NOUN
Apollonius,Apollonius,PROPN
Astiag,Astiag,PROPN
Doryclidas,Doryclidas,PROPN
Esculape,Esculape,PROPN
MACÉDON,MACÉDON,PROPN
MAMMURIUS,MAMMURIUS,PROPN
MICCION,MICCION,PROPN
MUSUS,MUSUS,PROPN
MYAGRUS,MYAGRUS,PROPN
MYRON,MYRON,PROPN
MÉNESTRATE,MÉNESTRATE,PROPN
MÉNODOTE,MÉNODOTE,PROPN
Sostrate,Sostrate,PROPN
MÉNOGÈNES,ménogène,NOUN
MÉNOPHANTE,ménophante,NOUN
MÉNÉLAS,MÉNÉLAS,PROPN
MÉTRODORE,métrodore,NOUN
Ménodore,ménodore,NOUN
NAUCÉRUS,NAUCÉRUS,PROPN
NICIAS,NICIAS,PROPN
NICODAMUS,NICODAMUS,PROPN
OLYMPIOSTHÈNE,OLYMPIOSTHÈNE,PROPN
OLYMPUS,OLYMPUS,PROPN
ONASSIMÉDÈS,ONASSIMÉDÈS,X
ONÆTHUS,ONÆTHUS,PROPN
aux,à,ADP
LÉOCRATES,LÉOCRATES,PROPN
SOSIBIOS,sosibio,NOUN
HÉRACLIUS,HÉRACLIUS,PROPN
GITIADAS,GITIADAS,PROPN
GLAUCIAS,glaucier,VERB
GLAUCIDÈS,GLAUCIDÈS,PROPN
GLAUCUS,GLAUCUS,PROPN
GLYCON,glycon,NOUN
GOMPHUS,GOMPHUS,PROPN
HELIODORE,HELIODORE,PROPN
HERMOGÈNE,HERMOGÈNE,PROPN
HICANUS,HICANUS,PROPN
HIPPATODORE,HIPPATODORE,PROPN
HIPPIAS,HIPPIAS,PROPN
HÉGÉSIAS,HÉGÉSIAS,PROPN
HÉRODOTE,HÉRODOTE,PROPN
LÉOCHARÈS,LÉOCHARÈS,PROPN
INGENUUS,INGENUUS,PROPN
ISIDORE,ISIDORE,PROPN
ISIGONE,ISIGONE,PROPN
LAPHAÈS,LAPHAÈS,PROPN
LESBOTHÉMIS,LESBOTHÉMIS,PROPN
LOCRUS,LOCRUS,PROPN
LOPHON,LOPHON,PROPN
LYCIUS,LYCIUS,PROPN
LYSIAS,LYSIAS,PROPN
LYSON,LYSON,PROPN
LYSUS,LYSUS,PROPN
LÉARQUE,léarqu,ADJ
OPHÉLION,OPHÉLION,PROPN
PA,pa,NOUN
PAMPHILE,PAMPHILE,PROPN
hermaphrodite,hermaphrodite,VERB
PTOLICHUS,PTOLICHUS,PROPN
PYGMALION,PYGMALION,PROPN
PYRILAMPÈS,pyrilampè,NOUN
PYROMAQUE,PYROMAQUE,PROPN
PYRRHUS,PYRRHUS,PROPN
PYTHAGORE,PYTHAGORE,PROPN
PYTHIS,pythis,VERB
PYTHODORE,PYTHODORE,PROPN
PÉRICLYMÈNE,PÉRICLYMÈNE,PROPN
PÉRILLE,pérille,NOUN
Victoire,Victoire,PROPN
emple,emple,NOUN
travailla,travailler,VERB
PANDÉMIUS,PANDÉMIUS,PROPN
vaches,vache,NOUN
RUPIUS,RUPIUS,PROPN
SALPION,SALPION,PROPN
SAMOLAS,SAMOLAS,PROPN
SARAMBUS,SARAMBUS,PROPN
SCYMN,SCYMN,PROPN
SIM,sim,NOUN
SIMENUS,SIMENUS,PROPN
SIMMIAS,SIMMIAS,PROPN
SIMON,SIMON,PROPN
SMILIS,SMILIS,PROPN
SOCLOS,SOCLOS,PROPN
PRISCILLA,PRISCILLA,PROPN
POTHINUS,POTHINUS,PROPN
POSIDONIUS,POSIDONIUS,PROPN
POLYTIMUS,POLYTIMUS,PROPN
PANTIAS,pantias,DET
PATROCLE,PATROCLE,PROPN
PETROS,PETROS,PROPN
PHI,PHI,PROPN
PHILISCUS,PHILISCUS,PROPN
PHILOMÈNE,PHILOMÈNE,PROPN
PHILON,PHILON,PROPN
PHILONICUS,PHILONICUS,PROPN
PHILÉAS,PHILÉAS,PROPN
PHILÉTUS,PHILÉTUS,PROPN
PHRADMON,PHRADMON,PROPN
PHYROMAQUE,PHYROMAQUE,PROPN
PHiEDIM,phiedim,NOUN
PISIAS,pisia,NOUN
PISTILLUS,PISTILLUS,PROPN
PISTON,PISTON,PROPN
PITHANDRE,PITHANDRE,PROPN
PJEONIUS,PJEONIUS,PROPN
PLOCAMUS,PLOCAMUS,PROPN
POLIS,POLIS,PROPN
POLYCHARME,POLYCHARME,PROPN
POLYCLÈTE,POLYCLÈTE,PROPN
POLYCRATE,POLYCRATE,PROPN
POLYEUCTE,polyeucte,NOUN
POLYSTRATE,POLYSTRATE,PROPN
regarde,regarder,VERB
exécuta,exécuter,VERB
chasseurs,chasseur,PROPN
BATTON,BATTON,PROPN
ARISTON,ARISTON,PROPN
ARISTONIDAS,ARISTONIDAS,PROPN
ARISTONUS,ARISTONUS,PROPN
ARISTOTE,ARISTOTE,PROPN
ARTEMON,ARTEMON,PROPN
ASCARUS,ASCARUS,PROPN
ATTALUS,ATTALUS,PROPN
ATTICIANUS,ATTICIANUS,PROPN
AULANIUS,AULANIUS,PROPN
AULUS,AULUS,PROPN
Alcamènes,Alcamènes,PROPN
BATHYCLÈS,BATHYCLÈS,PROPN
BROTÉAS,BROTÉAS,PROPN
CEPHIS,CEPHIS,PROPN
BRYAXIS,BRYAXIS,PROPN
BYZÈS,BYZÈS,X
CALAMIS,CALAMIS,PROPN
CALLICLÈS,CALLICLÈS,PROPN
CALLIMAQUE,callimaque,NOUN
CALLISTONICUS,CALLISTONICUS,PROPN
CALLITELÈS,CALLITELÈS,PROPN
CALLON,CALLON,PROPN
CALYNTHUS,CALYNTHUS,PROPN
CANACH,CANACH,PROPN
CANTHARE,CANTHARE,PROPN
CAPHISIAS,CAPHISIAS,PROPN
ARISTOMÉDON,ARISTOMÉDON,PROPN
ARISTOMÈDE,aristomède,VERB
ARISTOGITON,ARISTOGITON,PROPN
ARISTODÈME,ARISTODÈME,PROPN
AGASIAS,AGASIAS,PROPN
AGATHOCLÈS,AGATHOCLÈS,PROPN
AGORACRITE,AGORACRITE,PROPN
AGÉLADAS,AGÉLADAS,PROPN
AGÉSANDRE,AGÉSANDRE,PROPN
ALCON,ALCON,PROPN
ALTIMUS,ALTIMUS,PROPN
ALYPUS,ALYPUS,PROPN
ALÉVAS,ALÉVAS,PROPN
AMMONIUS,AMMONIUS,PROPN
AMPHICRATES,AMPHICRATES,PROPN
AMPHISTRATE,AMPHISTRATE,PROPN
AMYCLiEUS,AMYCLiEUS,PROPN
ANAXAGORE,ANAXAGORE,PROPN
ANAXIMÈNE,ANAXIMÈNE,PROPN
ANDAAGORAS,ANDAAGORAS,PROPN
ANDROBULE,ANDROBULE,PROPN
ANDRON,ANDRON,PROPN
ANGÉLION,ANGÉLION,PROPN
ANTIOCHUS,ANTIOCHUS,PROPN
ANTÉNOR,ANTÉNOR,PROPN
ARCHIDAMUS,ARCHIDAMUS,PROPN
ARGUS,ARGUS,PROPN
ARISTEAS,ARISTEAS,PROPN
ARISTOCLËS,ARISTOCLËS,PROPN
CENCHRAMIS,CENCHRAMIS,PROPN
CHARÈS,CHARÈS,PROPN
Hérœum,Hérœum,PROPN
DÉMOCRITE,démocrit,ADJ
DIODOTE,DIODOTE,PROPN
DIOGÈNE,DIOGÈNE,PROPN
DIONYSI,DIONYSI,PROPN
DIONYSIC,DIONYSIC,PROPN
DIONYSIUS,DIONYSIUS,PROPN
DONTAS,DONTAS,PROPN
DOROTHÉE,dorothée,NOUN
DOTE,DOTE,PROPN
DyENÈS,DyENÈS,PROPN
DÆMON,DÆMON,PROPN
DÈS,dè,NOUN
DÉDALE,dédale,NOUN
DÉMÉTRIUS,DÉMÉTRIUS,PROPN
CHIMARUS,CHIMARUS,PROPN
ENTOCH,ENTOCH,PROPN
EPIGONE,EPIGONE,PROPN
EPÉUS,EPÉUS,PROPN
ERATON,ERATON,PROPN
EUBIUS,EUBIUS,PROPN
EUBULIDE,EUBULIDE,PROPN
EUCHIR,EUCHIR,PROPN
EUCLIDE,EUCLIDE,PROPN
EUELPISTLS,EUELPISTLS,PROPN
EUMNESTUS,EUMNESTUS,PROPN
EUTYCHÈS,eutychè,ADJ
EUTÉLIDAS,eutélida,NOUN
DIADUMÉNUS,diaduménu,NOUN
DEDALE,DEDALE,PROPN
DAÏPH,DAÏPH,PROPN
DAMOPHORE,DAMOPHORE,PROPN
CHIONIS,chionis,VERB
CHRYSOTHÉMIS,CHRYSOTHÉMIS,PROPN
CLÉON,CLÉON,PROPN
COLOTÈS,COLOTÈS,PROPN
COPONIUS,COPONIUS,PROPN
COSSOTIUS,COSSOTIUS,PROPN
CRATINUS,CRATINUS,PROPN
CRITON,CRITON,PROPN
CRÉSILAS,CRÉSILAS,PROPN
CTÉSIAS,CTÉSIAS,PROPN
CTÉSICLÈS,CTÉSICLÈS,PROPN
CÉPHISODORE,CÉPHISODORE,PROPN
Némésis,Némésis,PROPN
Pausariias,pausariia,ADJ
Venus,venu,NOUN
centaures,centaure,NOUN
d',de,ADP
après,après,ADP
désigne,désigner,VERB
exécuter,exécuter,VERB
iETlON,iETlON,X
l',le,DET
Anathema,Anathema,PROPN
nfant,nfant,ADJ
tète,tète,NOUN
DACTYLDÈS,DACTYLDÈS,X
DAIPPE,DAIPPE,X
SOSI,SOSI,PROPN
SOSICLÈS,SOSICLÈS,PROPN
Julien,Julien,PROPN
frontons,fronton,NOUN
guerre,guerre,NOUN
ongue,ongue,NOUN
que,que,SCONJ
raisins,raisin,NOUN
sacrifice,sacrifice,NOUN
son,son,DET
tragédien,tragédien,NOUN
transporta,transporter,PROPN
Apollons,Apollons,PROPN
C',ce,PRON
est,être,AUX
HéraKiôn,HéraKiôn,PROPN
antique,antique,ADJ
trouvé,trouver,VERB
catagraphes,catagraphe,NOUN
Héraklès,Héraklès,PROPN
Képhisos,Képhisos,PROPN
Marsyas,Marsyas,PROPN
Niké,Niké,PROPN
Parthénos,parthénos,DET
représentaient,représenter,VERB
sculpteur,sculpteur,NOUN
Olympien,olympien,ADJ
gladiateur,gladiateur,NOUN
prétendu,prétendre,ADJ
Appiades,Appiades,PROPN
Bonne,bon,ADJ
devant,devant,ADP
beaux,beal,ADJ
SOSTRATE,SOSTRATE,PROPN
Oenias,Oenias,PROPN
Cratinus,Cratinus,PROPN
Habron,Habron,PROPN
Hippus,Hippus,PROPN
Irène,Irène,PROPN
Lanuvium,Lanuvium,PROPN
Léon,Léon,PROPN
Léontiscus,Léontiscus,PROPN
M,m,NOUN
Mère,Mère,PROPN
Néalcès,néalcè,NOUN
Néarque,Néarque,PROPN
Némée,némée,NOUN
Pausias,Pausias,X
Turianus,Turianus,PROPN
Phalérion,Phalérion,PROPN
Posis,Posis,PROPN
Scylla,scylla,NOUN
Ses,son,DET
Simonide,Simonide,PROPN
Simus,Simus,PROPN
Sthephanopolis,Sthephanopolis,PROPN
Tauriscus,Tauriscus,PROPN
Thamyras,Thamyras,PROPN
Théon,Théon,PROPN
Timarète,Timarète,PROPN
Timomaque,Timomaque,PROPN
Centaures,centaure,NOUN
Hécube,Hécube,PROPN
I',I',X
Océan,Océan,PROPN
Méduse,Méduse,PROPN
Cyathus,Cyathus,PROPN
FIGURINES,FIGURINES,PROPN
Groupe,groupe,NOUN
Hecube,Hecube,PROPN
Hercynie,Hercynie,PROPN
Hippolyte,Hippolyte,PROPN
Rhylon,Rhylon,PROPN
Terre,Terre,PROPN
Tirelire,Tirelire,PROPN
figurines,figurine,NOUN
Amazonomachie,Amazonomachie,PROPN
Centauromachie,Centauromachie,PROPN
Acropole,Acropole,PROPN
L',le,DET
Apollon,Apollon,PROPN
peintres,peintre,NOUN
uet,uet,NOUN
Masques,masque,NOUN
Scarabée,Scarabée,PROPN
copie,copie,NOUN
Camée,Camée,PROPN
Mus,Mus,PROPN
Bellérophon,Bellérophon,PROPN
Gravelle,Gravelle,PROPN
Isis,Isis,PROPN
Cristal,Cristal,PROPN
dit,dire,VERB
Cet,ce,PRON
Calydon,Calydon,PROPN
Aurore,Aurore,PROPN
scarabée,scarabée,NOUN
Pergame,Pergame,PROPN
Polycharme,Polycharme,PROPN
ADAMAS,adama,NOUN
Sosus,Sosus,PROPN
Tibère,Tibère,PROPN
Vesta,Vesta,PROPN
Zéthus,Zéthus,PROPN
consacrer,consacrer,VERB
dédié,dédier,ADJ
l',le,DET
historien,historien,NOUN
lionne,lionn,ADJ
vu,voir,VERB
Ces,ce,DET
Ext,Ext,PROPN
Icarius,Icarius,PROPN
Quelques,quelque,DET
Scyphus,Scyphus,PROPN
reconnu,reconnaître,VERB
Diomède,Diomède,PROPN
F,f,NOUN
Frise,Frise,PROPN
Hrdrie,Hrdrie,PROPN
figures,figure,NOUN
groupes,groupe,NOUN
premier,premier,ADJ
Cassandre,Cassandre,PROPN
Calypso,Calypso,PROPN
Bularque,Bularque,PROPN
Lantin1,lantin1,NOUN
ZÉNODORE,zénodore,NOUN
trois,trois,NUM
Cleveland,Cleveland,PROPN
sauroctone1,sauroctone1,PROPN
statuetteHauteur149,statuetteHauteur149,PROPN
Papposilène,Papposilène,PROPN
dérivé,dériver,VERB
Capitoline,Capitoline,PROPN
modèles,modèle,NOUN
superbe,superbe,ADJ
Antinoüs_Braschi,Antinoüs_Braschi,PROPN
_,_,AUX
Antinoüs_du_Belvédère,antinoüs_du_belvédèr,ADJ
ermettent,ermettent,ADV
Castor,Castor,PROPN
identifiée,identifier,VERB
interprétée,interpréter,VERB
Vénus_callipyge,vénus_callipyge,NOUN
venus,venir,VERB
casque,casque,PROPN
Antignote,Antignote,PROPN
Antimaque,Antimaque,PROPN
Apellas,Apellas,PROPN
Apollodore,Apollodore,PROPN
Aristodème,Aristodème,PROPN
Baton,Baton,PROPN
Boethus,Boethus,PROPN
ZÉNAS,zénas,AUX
ZEUXIADE,ZEUXIADE,PROPN
XÉNOPHON,xénophon,NOUN
TÉLÉSIAS,TÉLÉSIAS,PROPN
STEPHANUS,STEPHANUS,PROPN
STIPAX,STIPAX,PROPN
STRATON,straton,VERB
SYNNOON,SYNNOON,PROPN
TECTÉE,TECTÉE,PROPN
TENICHOS,TENICHOS,PROPN
TERTULLI,tertulli,DET
THALATIO,thalatio,NOUN
THRASYMÈDE,thrasymède,NOUN
THYMLUS,THYMLUS,PROPN
THÉODORE,théodore,PRON
THÉOMNESTE,THÉOMNESTE,PROPN
THÉOPROPUS,THÉOPROPUS,PROPN
THÉOSCOME,THÉOSCOME,PROPN
THÉRON,THÉRON,PROPN
TIMARCHIDE,timarchid,ADJ
TIMON,timon,NOUN
TIMOTHÉE,timothée,ADV
TISAGORAS,TISAGORAS,PROPN
TISANDRE,TISANDRE,PROPN
TISIAS,TISIAS,PROPN
TISICRATE,TISICRATE,PROPN
TITIUS,TITIUS,PROPN
TROPHIMUS,TROPHIMUS,PROPN
TURNUS,turnu,NOUN
Canachus,Canachus,PROPN
Chaeréas,Chaeréas,PROPN
Ariston,Ariston,PROPN
l',le,DET
orateur,orateur,NOUN
chien,chien,NOUN
cinq,cinq,NUM
cocher,cocher,NOUN
colosse,colosse,NOUN
concouru,concourir,VERB
d',de,ADP
Euphranor,Euphranor,PROPN
d',de,ADP
Hégésias,Hégésias,PROPN
dresser,dresser,VERB
décerna,décerner,VERB
décernèrent,décerner,VERB
fait,faire,VERB
l',le,DET
homme,homme,NOUN
pentathles,pentathle,ADJ
Chalcosthénès,Chalcosthénès,PROPN
qu',que,SCONJ
à,à,ADP
tyrannicides,tyrannicide,NOUN
Épigone,Épigone,PROPN
élevé,élevé,ADJ
érigea,ériger,PROPN
Alcimaque,Alcimaque,PROPN
Alcisthène,Alcisthène,PROPN
Androbius,Androbius,PROPN
Antidote,Antidote,PROPN
Antiphile,Antiphile,PROPN
Aristarète,Aristarète,PROPN
Aristide,Aristide,PROPN
celle,celui,PRON
boeuf,boeuf,NOUN
Séleucus,Séleucus,PROPN
Styppax,Styppax,PROPN
Colotès,Colotès,PROPN
Ctésilaüs,Ctésilaüs,PROPN
D',de,ADP
Hégias,Hégias,PROPN
Daiphron,Daiphron,X
Démétrius,Démétrius,PROPN
Entre,entrer,ADP
Eutychidès,Eutychidès,PROPN
Isiditos,Isiditos,PROPN
Janus,Janus,PROPN
L',le,DET
empereur,empereur,NOUN
Lionne,Lionne,PROPN
Lyciscus,Lyciscus,PROPN
Lycius,Lycius,PROPN
Lycus,Lycus,PROPN
Mancinus,Mancinus,PROPN
Micon,Micon,PROPN
Naucydès,Naucydès,PROPN
Naucérus,Naucérus,PROPN
Phénix,Phénix,PROPN
Pyrrhus,Pyrrhus,PROPN
Silanion,Silanion,PROPN
Simon,Simon,PROPN
Splanchnoptès,Splanchnoptès,PROPN
Sthennis,Sthennis,PROPN
Strongylion,Strongylion,PROPN
patènes,patène,NOUN
un,un,DET
une,un,DET
la,le,DET
le,le,DET
les,le,DET
son,son,DET
leur,son,DET
des,de,ADP
cette,ce,DET
du,de,ADP
Le,le,DET
La,le,DET
sa,son,DET
ce,ce,PRON
l',le,DET
Aphrodite,Aphrodite,PROPN
Y,y,NOUN
de,de,ADP
V,v,NOUN
l',le,DET
Hercule,Hercule,PROPN
cet,ce,PRON
l',le,DET
Apollon,Apollon,PROPN
Cette,ce,DET
l,l,DET
Les,le,DET
Son,son,DET
L',le,DET
Apollon,Apollon,PROPN
notre,notre,DET
Tyrannoctones,Tyrannoctones,PROPN
l',le,DET
Alexandre,Alexandre,PROPN
L',le,DET
Athéna,Athéna,PROPN
l',le,DET
antique,antique,ADJ
Une,un,DET
l',le,DET
Athéna,Athéna,PROPN
L',le,DET
Hercule,Hercule,PROPN
Aphrodite,Aphrodite,PROPN
l',le,DET
Eclair,eclair,NOUN
Apoxyoménos,Apoxyoménos,PROPN
Diadumène,Diadumène,PROPN
L',le,DET
Aphrodite,Aphrodite,PROPN
mes,mon,DET
l',le,DET
Ammonias,Ammonias,PROPN
Yomphalos,Yomphalos,PROPN
l',le,DET
Ethiopien,ethiopien,NOUN
l',le,DET
iacchos,iacchos,PROPN
l',le,DET
Ialysos,ialyso,NOUN
VHélène,vhélène,NOUN
YHéra,yhéra,NOUN
l',le,DET
Anathema,Anathema,PROPN
cetomphalos,cetomphalo,NOUN
l',le,DET
Io,Io,PROPN
YAnadyomène,YAnadyomène,PROPN
YÂphrodite,yâphrodite,VERB
VEubouleus,veubouleu,NOUN
Trois,Trois,NUM
TROIS,TROIS,PROPN
L',le,DET
Adonis,Adonis,PROPN
l',le,DET
Anguipède,Anguipède,PROPN
ÏApoxyoménos,ïapoxyoméno,NOUN
l',le,DET
Anadyomène,Anadyomène,PROPN
YApoxyoménos,YApoxyoménos,PROPN
Palladion,Palladion,PROPN
Plutei,Plutei,PROPN
l',le,DET
omphalos,omphalo,NOUN
l',le,DET
Heraclès,Heraclès,PROPN
VÉ,VÉ,PROPN
L',le,DET
omphalos,omphalo,NOUN
L',le,DET
hydre,hydre,NOUN
nan,nan,PROPN
Moschophore,Moschophore,PROPN
Doryphore,Doryphore,PROPN
L',le,DET
Osiris,Osiris,PROPN
e,e,NOUN
l',le,DET
Asarotos,Asarotos,PROPN
VAncée,vancée,NOUN
LA,le,DET
I',I',X
Anapauomène,Anapauomène,PROPN
Apescopeuon,Apescopeuon,PROPN
Anapauomenos,Anapauomenos,PROPN
tyrannicides,tyrannicide,NOUN
l',le,DET
Autolycus,Autolycus,PROPN
l',le,DET
Apoxyomène,apoxyomène,NOUN
Periboetos,Periboetos,PROPN
l',le,DET
Arlésienne,Arlésienne,PROPN
généalogique,généalogique,PROPN
L',le,DET
Arlésienne,Arlésienne,PROPN
Arlésienne,arlésien,ADJ
l',le,DET
Antinoüs,Antinoüs,PROPN
L,l,DET
d',de,DET
autres,autre,ADJ
l',le,DET
empereur,empereur,NOUN
l',le,DET
Alexétère,Alexétère,PROPN
YApoxyomenos,YApoxyomenos,PROPN
Stephaneplocos,Stephaneplocos,PROPN
Sthephanopolis,Sthephanopolis,PROPN
Syngénicon,Syngénicon,PROPN
Un,un,DET
Ic,Ic,PROPN
l',le,DET
Athéné,Athéné,PROPN
d',de,ADP
Athéné,Athéné,PROPN
Pamphile,Pamphile,PROPN
LK,LK,PROPN
LES,le,DET
L',le,DET
Omphale,Omphale,PROPN
lePalladium,lepalladium,NOUN
héméresios,héméresio,NOUN
quatre,quatre,NUM
l',le,DET
amazone,amazone,NOUN
l',le,DET
Olympien,Olympien,PROPN
Zeus,Zeus,PROPN
l',le,DET
Iris,Iris,PROPN
l',le,DET
Ialysus,ialysu,NOUN
l',le,DET
Ammolade,Ammolade,PROPN
deux,deux,NUM
célèbre,célèbre,ADJ
statue,statue,NOUN
Aphrodite,Aphrodite,PROPN
belle,bel,ADJ
fameux,fameux,ADJ
fameuse,fameux,ADJ
beau,beau,ADJ
groupe,groupe,NOUN
dite,dire,VERB
le,le,DET
Apollon,Apollon,PROPN
Tête,Tête,PROPN
tête,tête,NOUN
sous,sou,ADP
Vénus,Vénus,PROPN
qu',que,SCONJ
on,on,PRON
connu,connaître,VERB
prétendu,prétendre,ADJ
dit,dire,VERB
Korè,Korè,PROPN
prétendue,prétendre,ADJ
nommé,nommer,VERB
son,son,DET
une,un,DET
un,un,DET
très,très,ADV
statues,statue,NOUN
trésor,trésor,NOUN
Minerve,Minerve,PROPN
jolie,joli,ADJ
admirable,admirable,ADJ
Hercule,Hercule,PROPN
pyxis,pyxi,ADJ
Athéna,Athéna,PROPN
Jupiter,Jupiter,PROPN
portrait,portrait,NOUN
Éros,Éros,PROPN
magnifique,magnifique,ADJ
la,le,DET
superbe,superbe,ADJ
Hypnos,hypno,NOUN
VAplirodile,vaplirodil,ADJ
Peitho,peitho,ADJ
Thanatos,Thanatos,PROPN
Hésione,Hésione,PROPN
lamentation,lamentation,NOUN
Convoi,convoi,NOUN
Artémis,Artémis,PROPN
qualifié,qualifier,VERB
portraits,portrait,NOUN
surnomma,surnommer,VERB
hmeux,hmeux,PROPN
guerriers,guerrier,NOUN
splendide,splendide,ADJ
petites,petit,ADJ
vase,vase,NOUN
donnent,donner,VERB
soi,soi,NOUN
colonnedite,colonnedite,NOUN
colonne,colonne,NOUN
cet,ce,DET
surnom,surnom,NOUN
personnage,personnage,NOUN
appelée,appeler,VERB
connus,connaître,VERB
Kouros,kouros,NOUN
Kouroi,Kouroi,PROPN
Jumeaux,jumeau,NOUN
type,type,NOUN
aphrodite,aphrodite,NOUN
nommée,nommer,VERB
remarquable,remarquable,ADJ
fronton,fronton,NOUN
réplique,réplique,NOUN
désignée,désigner,VERB
importante,important,ADJ
Europe,Europe,PROPN
tableau,tableau,NOUN
gaine,gain,ADJ
Orphée,Orphée,PROPN
Faustine,Faustine,PROPN
plus,plus,ADV
figure,figure,NOUN
dénommée,dénommer,VERB
Héraklès,Héraklès,PROPN
Amazone,Amazone,PROPN
assemblée,assemblée,NOUN
Sthephanopolis,Sthephanopolis,PROPN
Stephaneplocos,Stephaneplocos,PROPN
Apescopeuon,Apescopeuon,PROPN
Anapauomène,Anapauomène,PROPN
surnomment,surnomment,NOUN
pentathle,pentathle,PROPN
on,on,PRON
l',le,DET
Autolycus,Autolycus,PROPN
Lionne,Lionne,PROPN
Antinoüs,Antinoüs,PROPN
Arkliigalle,Arkliigalle,PROPN
Hermès,Hermès,PROPN
amazone,amazone,NOUN
l',le,DET
Alexétère,Alexétère,PROPN
Satyre,Satyre,PROPN
Doryphore,Doryphore,PROPN
Diadumène,Diadumène,PROPN
Astiag,Astiag,PROPN
Apnxyúmènos,Apnxyúmènos,PROPN
YApoxyomenos,YApoxyomenos,PROPN
portaient,porter,VERB
vénus,vénus,X
HéraKiôn,HéraKiôn,PROPN
HéraSanis,HéraSanis,PROPN
buste,buste,NOUN
dieu,dieu,PROPN
César,César,PROPN
copie,copie,NOUN
Isis,Isis,PROPN
Guerrier,Guerrier,PROPN
Grenat,Grenat,PROPN
Deucalion,Deucalion,PROPN
Chasseur,chasseur,NOUN
Agathe,Agathe,PROPN
autrefois,autrefois,X
Elagabal,Elagabal,PROPN
Groupe,groupe,NOUN
Prétendu,prétendre,ADJ
Cornaline,Cornaline,PROPN
d',de,ADP
où,où,PRON
est,être,AUX
Asarotos,Asarotos,PROPN
Zeus,Zeus,PROPN
précieux,précieux,ADJ
dites,dire,VERB
connue,connaître,VERB
célèbres,célèbre,ADJ
Cornaline,Cornaline,PROPN
statue,statue,NOUN
Agate,Agate,PROPN
Jaspe,Jaspe,PROPN
Vénus,Vénus,PROPN
statues,statue,NOUN
Aphrodite,Aphrodite,PROPN
Apollon,Apollon,PROPN
Tête,Tête,PROPN
Onyx,Onyx,PROPN
Calcédoine,Calcédoine,PROPN
tête,tête,NOUN
Améthyste,Améthyste,PROPN
Camée,Camée,PROPN
Prime,Prime,X
Sardonyx,sardonyx,NOUN
type,type,NOUN
Kouros,kouros,NOUN
groupe,groupe,NOUN
vase,vase,NOUN
Athéna,Athéna,PROPN
Buste,Buste,X
portrait,portrait,NOUN
tableau,tableau,NOUN
représentation,représentation,NOUN
Jupiter,Jupiter,PROPN
kouros,kouros,NOUN
figure,figurer,VERB
image,image,NOUN
buste,buste,NOUN
Hyacinthe,Hyacinthe,PROPN
Kypris,Kypris,PROPN
Antinoüs,Antinoüs,PROPN
Zeus,Zeus,PROPN
base,base,NOUN
œuvre,œuvre,NOUN
coupe,coupe,NOUN
portraits,portrait,NOUN
statuette,statuette,NOUN
Hermès,Hermès,PROPN
Grenat,Grenat,PROPN
stèle,stèle,NOUN
frise,frise,VERB
Pâte,Pâte,PROPN
Artémis,artémis,VERB
Diane,Diane,PROPN
Statue,Statue,PROPN
Hercule,Hercule,PROPN
représentations,représentation,NOUN
Pierres,pierre,NOUN
Minerve,Minerve,PROPN
copie,copie,NOUN
figures,figure,NOUN
amphore,amphore,NOUN
Stèle,Stèle,PROPN
Saphir,Saphir,PROPN
Cippe,Cippe,PROPN
fronton,fronton,NOUN
Aphrodites,Aphrodites,PROPN
PIERRES,pierre,NOUN
Gaulois,Gaulois,PROPN
cheval,cheval,NOUN
Amour,Amour,PROPN
Éros,Éros,PROPN
œuvres,œuvre,NOUN
Déesse,Déesse,PROPN
Alexandre,Alexandre,PROPN
korè,korè,X
tableaux,tableau,NOUN
Dionysos,Dionysos,PROPN
Héra,Héra,PROPN
Kijpris,Kijpris,PROPN
Bacchus,Bacchus,PROPN
Venus,venu,NOUN
cratère,cratère,NOUN
torse,torse,NOUN
Mercure,Mercure,PROPN
réplique,réplique,NOUN
Taureau,Taureau,PROPN
marbres,marbre,NOUN
Korè,Korè,PROPN
bouclier,bouclier,NOUN
têtes,tête,NOUN
statuettes,statuette,NOUN
bustes,buste,NOUN
Topaze,Topaze,PROPN
Monnaie,Monnaie,PROPN
bas,bas,NOUN
vénus,vénus,ADV
copies,copie,NOUN
peintures,peinture,NOUN
Cupidon,Cupidon,PROPN
grande,grand,ADJ
métopes,métope,PROPN
colonne,colonne,NOUN
autel,autel,NOUN
Base,base,NOUN
marbre,marbr,ADJ
vases,vase,NOUN
korai,korai,NOUN
peinture,peinture,X
sphinx,sphinx,NOUN
une,un,DET
images,image,NOUN
coupes,coupe,NOUN
colosse,colosse,X
Kouroi,Kouroi,PROPN
frontons,fronton,NOUN
kouroi,kouroi,PROPN
moulage,moulage,NOUN
Sarcophage,Sarcophage,PROPN
Lapis,Lapis,PROPN
Mars,mars,NOUN
Fragment,fragment,NOUN
oeuvre,oeuvre,NOUN
Grand,grand,ADJ
Faustine,Faustine,PROPN
Sauroctone,Sauroctone,PROPN
Tète,Tète,PROPN
Aiguë,Aiguë,PROPN
la,le,DET
Victoire,Victoire,PROPN
Torse,torse,NOUN
taureau,taureau,NOUN
Diadumène,Diadumène,PROPN
groupes,groupe,NOUN
oenochoé,oenochoé,NOUN
aryballe,aryball,ADJ
Cristal,Cristal,PROPN
ex,e,NOUN
Héraclès,Héraclès,PROPN
athlète,athlèt,ADJ
Cabinet,Cabinet,PROPN
génisse,géniss,ADJ
Mus,Mus,PROPN
Anaglyphes,Anaglyphes,PROPN
GRANDE,GRANDE,PROPN
guerrier,guerrier,NOUN
pierres,pierre,NOUN
motif,motif,NOUN
Bustes,Bustes,PROPN
Combat,Combat,PROPN
Dame,Dame,PROPN
Agale,Agale,PROPN
prétendu,prétendre,ADJ
HCornaline,HCornaline,PROPN
Athena,Athena,PROPN
Agathe,Agathe,PROPN
plaque,plaque,NOUN
Vulcain,vulcain,NOUN
Athéné,Athéné,PROPN
Achille,Achille,PROPN
frises,frise,NOUN
table,table,NOUN
Esculape,Esculape,PROPN
deux,deux,NUM
Statuette,Statuette,PROPN
Némésis,Némésis,PROPN
tète,tète,NOUN
RÉPLIQUE,RÉPLIQUE,PROPN
Satyre,Satyre,PROPN
Copie,Copie,PROPN
sarcophage,sarcophage,NOUN
moulages,moulage,NOUN
Coupe,coupe,NOUN
KYPRIS,KYPRIS,PROPN
hydrie,hydrie,NOUN
Chrysolite,Chrysolite,PROPN
Musée,musée,NOUN
Pierre,Pierre,PROPN
colossale,colossal,ADJ
cylix,cyli,NOUN
Représentations,représentation,NOUN
hermaphrodite,hermaphrodite,VERB
Ares,Ares,PROPN
scène,scène,NOUN
Arès,Arès,PROPN
plinthe,plinth,ADJ
DÉPART,DÉPART,PROPN
Moulage,moulage,NOUN
Portrait,Portrait,PROPN
socle,socle,NOUN
gladiateur,gladiateur,NOUN
émeraude,émeraude,NOUN
Athlète,athlèt,ADJ
Jugement,jugement,NOUN
Muse,Muse,PROPN
VASES,vase,NOUN
L',le,DET
Aphrodite,Aphrodite,PROPN
médaillon,médaillon,NOUN
répliques,réplique,NOUN
imitation,imitation,NOUN
trône,trône,NOUN
Anaglypha,Anaglypha,PROPN
Représentation,représentation,NOUN
Fanciulla,fanciulla,NOUN
vaches,vache,NOUN
original,original,ADJ
hermès,hermès,PROPN
camée,camée,NOUN
ligne,ligne,NOUN
korê,korê,X
vache,vache,NOUN
Lucius,Lucius,PROPN
Lucille,Lucille,PROPN
variante,variante,NOUN
Juba,Juba,PROPN
Psyché,Psyché,PROPN
petites,petit,ADJ
lion,lion,NOUN
Groupe,groupe,NOUN
Noces,noce,NOUN
Bœuf,Bœuf,PROPN
coffre,coffre,NOUN
tombeau,tombeau,NOUN
Jumeaux,jumeau,NOUN
Amphore,amphore,NOUN
Athénée,Athénée,PROPN
ouvrages,ouvrage,NOUN
quadrige,quadrige,NOUN
kouroï,kouroï,PROPN
Scène,scène,NOUN
FRONTONS,FRONTONS,PROPN
Auguste,Auguste,PROPN
Ariane,Ariane,PROPN
Éphèbe,Éphèbe,PROPN
Persée,persée,NOUN
stèles,stèle,NOUN
Calomnie,calomnie,NOUN
Neptune,neptune,NOUN
Sphinx,Sphinx,PROPN
Thésée,Thésée,PROPN
KORAI,korai,NOUN
Bas,Bas,PROPN
bronze,bronze,NOUN
piédestal,piédestal,NOUN
HÉRACLÈS,HÉRACLÈS,PROPN
Hébé,Hébé,PROPN
gravure,gravure,PROPN
effigies,effigie,NOUN
Hélène,Hélène,PROPN
Pallas,Pallas,PROPN
modèle,modèle,NOUN
Αntinοϋs,Αntinοϋs,PROPN
VAplirodile,vaplirodil,ADJ
Eros,eros,NOUN
Parthénos,Parthénos,PROPN
Méduse,Méduse,PROPN
Vase,Vase,X
combat,combat,NOUN
chèvre,chèvr,ADJ
bouc,bouc,NOUN
Amours,Amours,PROPN
dame,dame,NOUN
Colosse,Colosse,PROPN
Pompéi,Pompéi,PROPN
coré,coré,PROPN
Répétition,répétition,NOUN
Stabie,Stabie,PROPN
Serapis,Serapis,PROPN
Terre,Terre,PROPN
DIANE,DIANE,PROPN
Figures,figure,NOUN
Soleil,Soleil,PROPN
HERCULE,HERCULE,PROPN
OCÉAN,OCÉAN,PROPN
NOCES,NOCES,PROPN
ALEXANDRE,ALEXANDRE,PROPN
NIL,NIL,PROPN
FLORA,flora,ADJ
Mystacogue,mystacogue,NOUN
Ippolyte,Ippolyte,PROPN
Septime,Septime,PROPN
Cavalier,Cavalier,PROPN
Saturne,Saturne,PROPN
Amphitrite,Amphitrite,PROPN
Actéon,Actéon,PROPN
Acteur,acteur,NOUN
Cérès,Cérès,PROPN
Eubouleus,Eubouleus,PROPN
SACRITICE,sacritice,NOUN
Lutte,Lutte,PROPN
Athéniennes,Athéniennes,PROPN
roi,roi,NOUN
architrave,architrave,NOUN
terres,terre,NOUN
péliké,péliké,NOUN
phiale,phial,ADJ
patère,patère,NOUN
palais,palais,NOUN
olla,olla,NOUN
Amazones,Amazones,PROPN
Andromède,Andromède,PROPN
fragment,fragment,NOUN
Annius,Annius,PROPN
Romain,Romain,PROPN
Pêche,Pêche,PROPN
Eumachia,Eumachia,PROPN
Ptolémée,Ptolémée,PROPN
Prêtre,prêtre,NOUN
Orante,orant,ADJ
Marc,Marc,PROPN
Hadrien,Hadrien,PROPN
Festin,festin,NOUN
Dioscure,Dioscure,PROPN
colonnes,colonne,NOUN
exemplaires,exemplaire,ADJ
Cyrénaïque,Cyrénaïque,PROPN
Cocher,Cocher,PROPN
Caelestis,Caelestis,PROPN
TRITONS,TRITONS,PROPN
Relief,Relief,PROPN
TROIS,TROIS,PROPN
boucliers,bouclier,NOUN
bœuf,bœuf,NOUN
lékané,lékané,NOUN
aphrodite,aphrodite,NOUN
chevaux,cheval,NOUN
Pinax,Pinax,PROPN
colonneaux,colonneal,ADJ
loup,loup,ADJ
reconstitution,reconstitution,NOUN
Téte,Téte,PROPN
statued',statued',DET
Apollon,Apollon,PROPN
âne,âne,NOUN
sculpture,sculpture,NOUN
Palladion,Palladion,PROPN
dessins,dessin,NOUN
chous,chou,NOUN
animaux,animal,NOUN
idoles,idole,NOUN
Peintures,peinture,NOUN
Scyllis,Scyllis,PROPN
TÉLÈPHE,TÉLÈPHE,PROPN
Cheval,cheval,NOUN
Aryballe,Aryballe,PROPN
Genoux,Genoux,PROPN
Guerrier,Guerrier,PROPN
koré,koré,PROPN
Sirène,Sirène,PROPN
discophore,discophor,ADJ
koraide,koraide,X
Korai,korai,NOUN
Coré,Coré,PROPN
tombe,tombe,VERB
métope,métope,NOUN
Phayllos,phayllos,VERB
jumeaux,jumeau,NOUN
Ane,Ane,PROPN
Dermys,Dermys,PROPN
Autel,Autel,PROPN
Couros,Couros,PROPN
Tychè,Tychè,PROPN
fragments,fragment,NOUN
Eurotas,Eurotas,PROPN
skyphos,skypho,NOUN
Corè,Corè,PROPN
Aphroditedu,Aphroditedu,PROPN
APHRODlTE,aphrodlte,NOUN
Aphroditede,Aphroditede,PROPN
Gladiateur,gladiateur,NOUN
Tableau,tableau,NOUN
FRAGMENT,FRAGMENT,PROPN
Aatue,Aatue,PROPN
Isis,Isis,PROPN
sacro,sacro,PRON
leur,son,DET
iacchos,iacchos,X
efiigie,efiigie,VERB
monochromes,monochrome,NOUN
VÉNUS,VÉNUS,PROPN
Ulysse,Ulysse,PROPN
URANIE,URANIE,PROPN
APHRODITE,APHRODITE,PROPN
Hera,Hera,X
Nemesis,Nemesis,PROPN
prototype,prototype,NOUN
éphèbes,éphèbe,ADJ
Léda,Léda,PROPN
Τête,Τête,PROPN
STATUETTE,STATUETTE,PROPN
VENUS,venu,NOUN
YArtémis,YArtémis,PROPN
Korê,Korê,PROPN
Corés,Corés,PROPN
Ouraniay,Ouraniay,PROPN
suppliante,suppliant,ADJ
effigie,effigi,ADJ
corai,corai,ADP
YHéra,yhéra,NOUN
YAthéna,YAthéna,PROPN
Suppliante,Suppliante,PROPN
Corès,Corès,PROPN
masques,masque,NOUN
VAlliéné,VAlliéné,PROPN
lécythes,lécythes,X
portique,portique,NOUN
lionne,lionn,ADJ
en,en,ADP
Callisthène,Callisthène,PROPN
banquets,banquet,NOUN
athlètesde,athlètesde,X
Sénèque,Sénèque,PROPN
Galate,Galate,PROPN
Agrippine,Agrippine,PROPN
têtedu,têtedu,PROPN
pierre,pierre,NOUN
quatre,quatre,NUM
Cariatides,Cariatides,PROPN
colosses,colosse,NOUN
HéraSanis,HéraSanis,PROPN
HéraKiôn,HéraKiôn,PROPN
HermèsMoscophore,HermèsMoscophore,X
Dioscures,Dioscures,PROPN
Athénas,Athénas,PROPN
Apollons,Apollons,PROPN
Tyndarides,Tyndarides,PROPN
pugilistes,pugiliste,NOUN
sa,son,DET
tyrannicides,tyrannicide,NOUN
Gemme,Gemme,PROPN
Turquoise,Turquoise,PROPN
Obsidienne,Obsidienne,PROPN
Prétendue,prétendre,ADJ
Ovide,Ovide,PROPN
camées,camé,NOUN
Prétendu,prétendre,ADJ
Libation,Libation,PROPN
Héliotrope,Héliotrope,PROPN
Sirius,Sirius,PROPN
Gemma,Gemma,PROPN
Nymphes,nymphe,NOUN
Malachite,Malachite,PROPN
petit,petit,ADJ
Thème,thème,NOUN
Louterion,Louterion,PROPN
Dinos,Dinos,PROPN
Artemis,Artemis,PROPN
Frise,Frise,PROPN
Centauromachie,Centauromachie,PROPN
Lampe,Lampe,PROPN
Iris,Iris,PROPN
l',le,DET
escadron,escadron,NOUN
pâte,pât,ADJ
Platon,Platon,PROPN
Aphrodite_du_Capitole,Aphrodite_du_Capitole,PROPN
Apollon_de_Cleveland,Apollon_de_Cleveland,PROPN
Apollo_Sauroktonos,Apollo_Sauroktonos,PROPN
Éros_de_Centocelle,Éros_de_Centocelle,PROPN
Génie,Génie,PROPN
title,title,X
sauroctone,sauroctone,NOUN
Apollo_sauroctonus,Apollo_sauroctonus,PROPN
amazone,amazone,NOUN
l',le,DET
Apollon,Apollon,PROPN
Hermes,Hermes,PROPN
Pro,Pro,PROPN
Hécate,Hécate,PROPN
J,j,NOUN
à,à,ADP
sculpteur,sculpteur,NOUN
Heures,heure,NOUN
Grâces,Grâces,PROPN
statuede,statuede,NOUN
centaures,centaure,NOUN
Antinoüs_du_Capitole,Antinoüs_du_Capitole,PROPN
Aphrodítê,Aphrodítê,PROPN
l',le,DET
Hercule,Hercule,PROPN
huit,huit,NUM
jeune,jeune,ADJ
chien,chien,NOUN
boeuf,boeuf,NOUN
énus,énus,VERB
ype,ype,NOUN
satyre,satyre,NOUN
reproduction,reproduction,NOUN
les,le,DET
le,le,DET
du,de,ADP
Ἀφροδίτη,Ἀφροδίτη,PROPN
dite,dire,VERB
cette,ce,DET
casque,casque,NOUN
anciens,ancien,ADJ
Praxitèle,Praxitèle,PROPN
La,le,DET
Kalagousa,Kalagousa,PROPN
Germinacus,Germinacus,PROPN
Arlésienne,arlésien,ADJ
anneau,anneau,NOUN
sardoine,sardoine,PROPN
lécythe,lécythe,NOUN
Caryatides,Caryatides,PROPN
Acrotère,Acrotère,PROPN
tyrannoctones,tyrannoctone,NOUN
massacre,massacre,NOUN
Sosandra,Sosandra,PROPN
OEdipe,OEdipe,PROPN
Intérieur,intérieur,NOUN
Hypnos,Hypnos,PROPN
Grecs,Grecs,PROPN
Danse,danse,NOUN
tablettes,tablette,NOUN
Ajax,Ajax,PROPN
tablette,tablette,NOUN
plaques,plaque,NOUN
lamentation,lamentation,NOUN
Potier,potier,NOUN
Poséidon,Poséidon,PROPN
Ouvriers,ouvrier,NOUN
Exposition,exposition,NOUN
Vases,vase,NOUN
Vé,Vé,PROPN
Agamemnon,Agamemnon,PROPN
Aventures,Aventures,PROPN
VA,VA,X
SKYPHOS,skypho,NOUN
char,char,NOUN
canthare,canthare,NOUN
canon,canon,NOUN
alabastron,alabastron,ADV
acrotère,acrotère,PROPN
Yomphalos,Yomphalos,PROPN
Tuile,Tuile,PROPN
Scènes,Scènes,PROPN
Saciifice,Saciifice,PROPN
Rekhmara,Rekhmara,PROPN
Borée,borée,NOUN
Péliké,Péliké,PROPN
Polyphème,polyphèm,ADJ
Phrixos,Phrixos,X
Peinture,Peinture,X
Oreste,Oreste,PROPN
Mertési,Mertési,PROPN
Medella,Medella,PROPN
Départ,départ,NOUN
Charon,Charon,PROPN
Victoires,victoire,NOUN
VAplirodilede,VAplirodilede,PROPN
sardonyx,sardonyx,ADV
Junon,Junon,PROPN
Médée,Médée,PROPN
trésor,trésor,ADJ
médaillons,médaillon,NOUN
chef,chef,NOUN
dieu,dieu,NOUN
xJaspe,xjaspe,NOUN
magnifique,magnifique,ADJ
lapis,lapis,PROPN
célèbre,célèbre,ADJ
Herméracle,Herméracle,PROPN
Sacrifice,Sacrifice,PROPN
Chrysolithe,Chrysolithe,PROPN
Aigue,Aigue,PROPN
xHyacinlhe,xhyacinlh,ADJ
xAméthyste,xaméthyst,ADJ
ouvrage,ouvrage,NOUN
grand,grand,ADJ
Thétis,Thétis,PROPN
Cachet,Cachet,PROPN
Bacchante,bacchant,ADJ
Niobé,Niobé,PROPN
A,a,NOUN
Tficsce,Tficsce,PROPN
Kjipns,Kjipns,PROPN
Rypris,Rypris,PROPN
PORTRAITS,PORTRAITS,PROPN
Ligne,Ligne,PROPN
LIGNE,LIGNE,PROPN
Kyprisde,Kyprisde,PROPN
Kypiis,Kypiis,PROPN
Kyjms,Kyjms,PROPN
Kyims,Kyims,PROPN
Ky,Ky,PROPN
Khn,Khn,PROPN
Alexan,Alexan,PROPN
Image,image,NOUN
Grâce,grâce,NOUN
Fortune,fortune,NOUN
Diana,Diana,PROPN
Chien,chien,NOUN
Aplu,Aplu,PROPN
Apliro,Apliro,PROPN
Aphro,Aphro,PROPN
Apfu',Apfu',X
odite,odite,NOUN
sarcophages,sarcophage,NOUN
Hercule,Hercule,PROPN
Amour,Amour,PROPN
Vénus,Vénus,PROPN
combat,combat,NOUN
Bacchus,Bacchus,PROPN
Apollon,Apollon,PROPN
scènes,scène,NOUN
Satyre,Satyre,PROPN
Victoire,Victoire,PROPN
Jupiter,Jupiter,PROPN
Aphrodite,Aphrodite,PROPN
Achille,Achille,PROPN
scène,scène,NOUN
Alexandre,Alexandre,PROPN
Combat,Combat,PROPN
Minerve,Minerve,PROPN
Mercure,Mercure,PROPN
Guerrier,Guerrier,PROPN
Thésée,Thésée,PROPN
Silène,Silène,PROPN
Scène,scène,NOUN
Sacrifice,Sacrifice,PROPN
Bacchante,Bacchante,PROPN
Hermès,Hermès,PROPN
Ulysse,Ulysse,PROPN
enlèvement,enlèvement,NOUN
Héraclès,Héraclès,PROPN
Ajax,Ajax,PROPN
Mars,mars,NOUN
Pan,Pan,PROPN
bataille,bataille,NOUN
Diomède,Diomède,PROPN
Auguste,Auguste,PROPN
Amours,Amours,PROPN
Athéna,Athéna,PROPN
naissance,naissance,NOUN
Psyché,Psyché,PROPN
Héraklès,Héraklès,PROPN
départ,départ,NOUN
jeune,jeune,ADJ
chasse,chasse,NOUN
Faune,faune,NOUN
éphèbe,éphèbe,NOUN
légende,légende,X
Dionysos,Dionysos,PROPN
Hélène,Hélène,PROPN
Néréide,Néréide,PROPN
Zeus,Zeus,PROPN
Génie,Génie,PROPN
guerrier,guerrier,NOUN
combats,combat,NOUN
dieu,dieu,NOUN
femme,femme,NOUN
Jugement,jugement,NOUN
Diane,Diane,PROPN
Trois,Trois,NUM
sujets,sujet,NOUN
Ganymède,ganymède,NOUN
lutte,lutte,NOUN
Tête,Tête,PROPN
Deux,Deux,NUM
deux,deux,NUM
Prométhée,Prométhée,PROPN
Héra,Héra,PROPN
Divinité,Divinité,PROPN
Néoptolème,Néoptolème,PROPN
Cavalier,Cavalier,PROPN
Masque,masque,NOUN
Héros,héros,NOUN
jugement,jugement,NOUN
exploits,exploit,NOUN
apothéose,apothéose,NOUN
Persée,perser,VERB
Triomphe,triomphe,NOUN
Gaulois,Gaulois,PROPN
satyre,satyre,NOUN
Grecs,Grecs,PROPN
char,char,NOUN
Amazone,Amazone,PROPN
Oreste,oreste,VERB
HERCULE,HERCULE,PROPN
dispute,dispute,VERB
Europe,Europe,PROPN
mort,mort,NOUN
Hector,Hector,X
course,course,NOUN
Hébé,Hébé,PROPN
Dédale,dédale,NOUN
Éros,éros,NOUN
Enfant,Enfant,PROPN
Vulcain,vulcain,NOUN
Artémis,Artémis,PROPN
sacrifice,sacrifice,NOUN
Castor,Castor,PROPN
Isis,Isis,PROPN
jeunes,jeune,ADJ
Déesse,Déesse,PROPN
Taureau,Taureau,PROPN
retour,retour,NOUN
prêtre,prêtre,NOUN
joueur,joueur,NOUN
Antinoüs,Antinoüs,PROPN
Télémaque,Télémaque,PROPN
Enlèvement,enlèvement,NOUN
trois,trois,NUM
déesse,déesse,NOUN
Ménélas,Ménélas,PROPN
BACCHUS,BACCHUS,PROPN
portrait,portrait,NOUN
Naissance,Naissance,PROPN
Cybèle,Cybèle,PROPN
OEdipe,OEdipe,PROPN
Chiron,Chiron,PROPN
Fortune,fortune,NOUN
procession,procession,NOUN
Esculape,Esculape,PROPN
Centaure,centaure,VERB
lion,lion,NOUN
épisode,épisode,NOUN
Kouroi,Kouroi,PROPN
massacre,massacre,NOUN
Ariane,Ariane,PROPN
portraits,portrait,NOUN
Neptune,neptune,NOUN
Aigle,Aigle,PROPN
Bacchanale,bacchanal,ADJ
Claude,Claude,PROPN
toilette,toilette,NOUN
ménade,ménade,PROPN
Léda,Léda,PROPN
Cupidon,Cupidon,PROPN
amazone,amazone,NOUN
Saturne,Saturne,PROPN
Course,course,NOUN
divinités,divinité,NOUN
frises,frise,NOUN
Mort,mort,NOUN
cortège,cortège,NOUN
Apothéose,Apothéose,PROPN
Vainqueur,vainqueur,NOUN
athlète,athlèt,ADJ
Procession,procession,NOUN
Mythes,Mythes,PROPN
Muse,Muse,PROPN
Joueur,joueur,NOUN
Aurore,Aurore,PROPN
famille,famille,NOUN
Commode,Commode,PROPN
Cassandre,Cassandre,PROPN
Athlète,athlèt,ADJ
VÉNUS,VÉNUS,PROPN
enfant,enfant,NOUN
Triton,Triton,PROPN
Livie,Livie,PROPN
Cérès,Cérès,PROPN
héros,héros,NOUN
Enfants,enfant,NOUN
Memnon,Memnon,PROPN
Lutte,Lutte,PROPN
Soldat,soldat,NOUN
Julien,Julien,PROPN
Retour,retour,NOUN
Danse,danse,NOUN
Départ,départ,NOUN
épisodes,épisode,NOUN
Hypnos,hypno,NOUN
Tragédie,tragédie,NOUN
HÉRACLÈS,HÉRACLÈS,PROPN
Exposition,exposition,NOUN
Dispute,Dispute,PROPN
prise,prise,NOUN
Heraklès,Heraklès,PROPN
Déméter,déméter,VERB
travaux,travail,NOUN
chef,chef,NOUN
Sérapis,Sérapis,PROPN
petit,petit,ADJ
tête,tête,NOUN
Amazones,Amazones,PROPN
Prétendue,prétendre,ADJ
Triptolème,triptolèm,ADJ
Ptolémée,Ptolémée,PROPN
mythe,mythe,NOUN
Réunion,Réunion,PROPN
Poséidon,Poséidon,PROPN
rapt,rapt,NOUN
reine,reine,NOUN
Deucalion,Deucalion,PROPN
lamentation,lamentation,NOUN
Séléné,Séléné,PROPN
institution,institution,NOUN
ACTEURS,acteur,VERB
TREIZE,TREIZE,PROPN
suicide,suicide,NOUN
Caducée,Caducée,PROPN
Caius,Caius,PROPN
Potier,Potier,PROPN
Atalante,atalant,ADJ
Coqs,coq,NOUN
Érection,érection,NOUN
Thétis,Thétis,PROPN
DÉPART,DÉPART,PROPN
Famille,Famille,PROPN
Philoctète,Philoctète,PROPN
dieux,dieu,NOUN
Kouros,kouros,NOUN
aventures,aventure,NOUN
Thanatos,Thanatos,PROPN
Polyphème,polyphèm,ADJ
femmes,femme,NOUN
Andromaque,Andromaque,PROPN
légendes,légende,NOUN
mythes,mythe,DET
Phrixos,Phrixos,X
Paris,Paris,PROPN
Niké,Niké,PROPN
Fête,Fête,PROPN
Endymion,Endymion,PROPN
Hermaphrodite,Hermaphrodite,PROPN
Athéniennes,Athéniennes,PROPN
danse,danse,NOUN
Masques,masque,NOUN
Αntinοϋs,Αntinοϋs,PROPN
Cérémonies,cérémonie,NOUN
Griffon,Griffon,PROPN
Ouvrier,Ouvrier,PROPN
vieille,vieux,ADJ
Nymphes,nymphe,NOUN
libation,libation,NOUN
Périclès,Périclès,PROPN
CARICATURE,CARICATURE,PROPN
Compagnons,Compagnons,PROPN
Atlas,Atlas,PROPN
personnification,personnification,NOUN
jeux,jeu,NOUN
triomphe,triomphe,NOUN
DIANE,DIANE,PROPN
chevaux,cheval,NOUN
batailles,bataille,NOUN
Cerf,Cerf,PROPN
Terme,terme,NOUN
CÉRÉMONIES,CÉRÉMONIES,PROPN
Satyres,Satyres,PROPN
Faustine,Faustine,PROPN
empereur,empereur,NOUN
Méduse,Méduse,PROPN
Nymphe,Nymphe,PROPN
A,a,NOUN
ORESTE,ORESTE,PROPN
noces,noce,NOUN
NÉRÉIDE,NÉRÉIDE,PROPN
Animaux,animal,NOUN
Hélios,Hélios,PROPN
NOCES,NOCES,PROPN
roi,roi,NOUN
Pluton,Pluton,PROPN
ARIANE,ariane,NOUN
Quadrige,Quadrige,PROPN
Romulus,Romulus,PROPN
ACHILLE,ACHILLE,PROPN
Sphinx,Sphinx,PROPN
Jeunes,Jeunes,PROPN
Chien,chien,NOUN
Bataille,Bataille,PROPN
Barque,Barque,PROPN
Antinous,Antinous,PROPN
Bellérophon,Bellérophon,PROPN
Agamemnon,Agamemnon,PROPN
festin,festin,NOUN
Pompe,pompe,NOUN
dauphin,dauphin,NOUN
Marsyas,Marsyas,PROPN
Harmodios,harmodio,NOUN
éphèbes,éphèbe,PROPN
préparatifs,préparatif,ADJ
Jason,Jason,PROPN
Antigone,Antigone,PROPN
armement,armement,NOUN
Le,le,DET
Centaures,centaure,NOUN
Lycurgue,Lycurgue,PROPN
homme,homme,NOUN
mariage,mariage,NOUN
Proserpine,Proserpine,PROPN
Priam,Priam,PROPN
métamorphose,métamorphose,NOUN
Discobole,Discobole,PROPN
processions,procession,NOUN
Cadmus,Cadmus,PROPN
Palamède,Palamède,PROPN
Vesta,Vesta,PROPN
Poseidon,Poseidon,PROPN
Penthésilée,Penthésilée,PROPN
Heures,heure,NOUN
enfants,enfant,NOUN
Céphale,Céphale,PROPN
sphinx,sphinx,NOUN
aventure,aventure,NOUN
Démophon,Démophon,PROPN
pentathles,pentathle,ADJ
pédotribe,pédotribe,PROPN
quadrige,quadrige,NOUN
Acanuis,Acanuis,PROPN
Ariadne,ariadne,NOUN
Sujet,Sujet,PROPN
Tyndare,Tyndare,PROPN
Olympus,Olympus,PROPN
Polynice,Polynice,PROPN
offrandes,offrande,NOUN
expédition,expédition,NOUN
Simon,Simon,PROPN
aigle,aigle,NOUN
lutteur,lutteur,NOUN
personnages,personnage,NOUN
palais,palais,NOUN
Libyen,Libyen,PROPN
masque,masque,NOUN
blessé,blesser,VERB
morte,mourir,VERB
funérailles,funéraille,NOUN
griffons,griffon,NOUN
esclave,esclave,ADJ
masques,masque,NOUN
gorgonéion,gorgonéion,ADJ
tibicine,tibicine,NOUN
cadavre,cadavre,NOUN
représentations,représentation,NOUN
scènesdu,scènesdu,NOUN
Harpyie,Harpyie,PROPN
Ephèbe,Ephèbe,PROPN
Chryséis,Chryséis,PROPN
Cercyon,Cercyon,PROPN
Bacchüs,Bacchüs,PROPN
Amymone,Amymone,PROPN
Agraulos,Agraulos,PROPN
laboureurs,laboureur,NOUN
guerriers,guerrier,NOUN
fuite,fuite,NOUN
fontaine,fontaine,PROPN
bande,bande,NOUN
SACRITICE,sacritice,NOUN
Gorgone,Gorgone,PROPN
Victrix,Victrix,PROPN
marbre,marbr,ADJ
défilés,défilé,NOUN
devin,devin,NOUN
compagnons,compagnon,NOUN
maître,maître,NOUN
Anaïtis,Anaïtis,PROPN
vénus,vénus,ADV
vaisseau,vaisseau,NOUN
transport,transport,NOUN
thiase,thiase,NOUN
tableau,tableau,NOUN
Lacédémoniennes,Lacédémoniennes,PROPN
entretiens,entretien,NOUN
Scènes,scène,NOUN
conversation,conversation,NOUN
Intérieur,intérieur,NOUN
réunion,réunion,NOUN
réception,réception,NOUN
reconnaissance,reconnaissance,NOUN
quatre,quatre,NUM
nxythe,nxythe,NOUN
Iphigénie,Iphigénie,PROPN
laie,layer,VERB
filles,fille,NOUN
danseur,danseur,NOUN
adieux,adieu,NOUN
Nécromancie,Nécromancie,PROPN
Némée,némée,NOUN
Meurtre,Meurtre,PROPN
Peuple,peuple,NOUN
Glaucion,Glaucion,PROPN
potier,potier,NOUN
ouvriers,ouvrier,NOUN
navires,navire,NOUN
Scyllis,Scyllis,PROPN
groupes,groupe,NOUN
exposition,exposition,NOUN
cérémonies,cérémonie,NOUN
chasseur,chasseur,NOUN
Syngénicon,Syngénicon,PROPN
assemblée,assemblée,NOUN
Ouvriers,ouvrier,NOUN
Convoi,convoi,NOUN
Érastes,éraste,NOUN
Hippolyte,Hippolyte,PROPN
Aethra,Aethra,PROPN
campagne,campagne,NOUN
Eros,Eros,PROPN
attelage,attelage,NOUN
Tritonides,Tritonides,PROPN
sacrificateur,sacrificateur,ADJ
Iréné,Iréné,PROPN
Saciifice,Saciifice,PROPN
sujet,sujet,NOUN
Aratus,Aratus,PROPN
Orithyie,Orithyie,PROPN
Offrandes,Offrandes,PROPN
Arrhelaüs,Arrhelaüs,PROPN
Ménades,Ménades,PROPN
L',le,DET
offrande,offrande,NOUN
Funérailles,funéraille,NOUN
Déposition,déposition,NOUN
Dion,Dion,PROPN
Circé,Circé,PROPN
Cadmos,cadmo,NOUN
Borée,boré,ADJ
Aventures,Aventures,PROPN
Attis,Attis,PROPN
Calypso,Calypso,PROPN
Arimaspes,Arimaspes,PROPN
Amoursur,Amoursur,PROPN
Alphée,Alphée,PROPN
nan,nan,PROPN
rangée,rangée,NOUN
légendede,légendede,NOUN
Cyclope,Cyclope,PROPN
Ino,ino,PRON
s',se,PRON
éloignant,éloigner,VERB
Ischys,Ischys,PROPN
Ker,Ker,PROPN
Cléobis,Cléobis,PROPN
Aphrodites,Aphrodites,PROPN
Calomnie,calomnie,NOUN
bacchantes,bacchante,NOUN
Αntinoüs,Αntinoüs,PROPN
bas,bas,NOUN
danseuses,danseur,NOUN
Dionè,Dionè,PROPN
Agathocle,Agathocle,PROPN
traits,trait,NOUN
génisse,géniss,ADJ
Pantheuchyde,Pantheuchyde,PROPN
son,son,DET
cette,ce,DET
éducation,éducation,NOUN
ÉNÉE,ÉNÉE,PROPN
petite,petit,ADJ
mithe,mithe,VERB
charité,charité,NOUN
rateur,rateur,NOUN
TÉLÈPHE,TÉLÈPHE,PROPN
TROIS,TROIS,PROPN
TRITONS,TRITONS,PROPN
Grâces,Grâces,PROPN
THÉTIS,THÉTIS,PROPN
THÉSÉE,THÉSÉE,PROPN
Sophonisbe,Sophonisbe,PROPN
SUPPLICE,SUPPLICE,PROPN
SOPHONISBE,SOPHONISBE,PROPN
Dermys,Dermys,PROPN
Korè,Korè,PROPN
Létô,Létô,PROPN
Hécataion,hécataion,NOUN
attitude,attitude,NOUN
YÉros,yéro,NOUN
prêtresse,prêtresse,NOUN
omphalos,omphalo,NOUN
fillette,fillette,NOUN
embarquement,embarquement,NOUN
chien,chien,NOUN
cavalier,cavalier,PROPN
Thespienne,Thespienne,PROPN
Roi,roi,NOUN
Reine,reine,NOUN
Pégase,Pégase,PROPN
Lion,Lion,PROPN
Hecataion,Hecataion,PROPN
kouroi,kouroi,VERB
Gorgoneion,Gorgoneion,PROPN
Femme,Femme,PROPN
atelier,atelier,NOUN
Gigantomachie,gigantomachie,NOUN
ville,ville,NOUN
hydre,hydre,VERB
généraux,général,ADJ
Sept,Sept,PROPN
Heraclès,Heraclès,PROPN
centaure,centaure,NOUN
Dame,Dame,PROPN
kouroï,kouroï,VERB
kouros,kouros,NOUN
SCÈNE,SCÈNE,PROPN
SACRIPHICE,SACRIPHICE,PROPN
PHRYXUS,PHRYXUS,PROPN
Barbare,Barbare,PROPN
AMOUR,AMOUR,PROPN
orateur,orateur,NOUN
prêtresses,prêtresse,NOUN
signes,signe,NOUN
image,image,NOUN
sénateur,sénateur,NOUN
apprêts,apprêt,X
Sabine,Sabine,PROPN
Quiriacus,Quiriacus,PROPN
Prêtre,prêtre,NOUN
Hylas,Hylas,PROPN
Dioscure,Dioscure,PROPN
Cocher,Cocher,PROPN
Andromède,Andromède,PROPN
magistrat,magistrat,NOUN
Actéon,Actéon,PROPN
Œdipe,Œdipe,PROPN
Éphèbe,Éphèbe,PROPN
Hermès_portant_Dionysos_enfant,hermès_portant_dionysos_enfer,VERB
Papposilène,Papposilène,PROPN
Tirage,tirage,NOUN
menade,menade,PROPN
Eiréné,Eiréné,PROPN
création,création,NOUN
VüLCAIN,VüLCAIN,PROPN
Térée,térer,VERB
Procris,Procris,PROPN
Pelée,peler,ADJ
APOLLON,APOLLON,PROPN
Admetus,Admetus,PROPN
PERSÉE,PERSÉE,PROPN
MARCHANDE,MARCHANDE,PROPN
PAN,pan,NOUN
OCÉAN,OCÉAN,PROPN
Latone,Latone,PROPN
NIL,NIL,PROPN
NAINS,NAINS,PROPN
MÉLÉAGRE,MÉLÉAGRE,PROPN
MÉDÉE,MÉDÉE,PROPN
Coucher,coucher,NOUN
MORT,MORT,PROPN
MERCURE,MERCURE,PROPN
MENDIANT,MENDIANT,PROPN
MELpOMÈNE,MELpOMÈNE,PROPN
MARS,mars,NOUN
LÉDA,LÉDA,PROPN
courtisane,courtisan,ADJ
Ippolyte,Ippolyte,PROPN
HYLAS,HYLAS,PROPN
Porte,porte,NOUN
ENLÈVEMENT,ENLÈVEMENT,PROPN
DANSEURS,DANSEURS,PROPN
philosophe,philosophe,PROPN
CÉRÈS,CÉRÈS,PROPN
CHIRON,CHIRON,PROPN
CHEVAL,cheval,NOUN
CHARITÉ,CHARITÉ,PROPN
CENTAURES,centaure,NOUN
Briseis,Briseis,PROPN
BRISÉIS,BRISÉIS,PROPN
Toilette,Toilette,PROPN
Chasse,Chasse,PROPN
Poursuites,Poursuites,PROPN
Néron,Néron,PROPN
Souris,Souris,PROPN
Astypalé,Astypalé,PROPN
Sanglier,Sanglier,PROPN
Saliens,Saliens,PROPN
Athéné,Athéné,PROPN
Rhésus,Rhésus,PROPN
Atunis,Atunis,PROPN
Polyeidos,Polyeidos,PROPN
Capanée,Capanée,PROPN
Ploulos,Ploulos,PROPN
Piétémilitaire,Piétémilitaire,PROPN
Orithye,Orithye,PROPN
Oracle,Oracle,PROPN
Nereus,Nereus,PROPN
Antiloque,Antiloque,PROPN
Médée,Médée,PROPN
Louve,Louve,PROPN
Libation,Libation,PROPN
Eriphyle,Eriphyle,PROPN
Gorgias,Gorgias,PROPN
Guerriers,Guerriers,PROPN
Grues,Grues,PROPN
Géants,géant,NOUN
Galatée,Galatée,PROPN
Hilaïra,Hilaïra,PROPN
Hécube,Hécube,PROPN
Hémithéa,Hémithéa,PROPN
Dauphin,Dauphin,PROPN
Astyanax,Astyanax,PROPN
Tristesse,Tristesse,PROPN
Corne,Corne,PROPN
hoplite,hoplite,NOUN
Iris,Iris,PROPN
Ni,Ni,PROPN
T,t,NOUN
Lépide,Lépide,PROPN
Éthra,Éthra,PROPN
Amphion,Amphion,PROPN
Vestale,vestal,ADJ
Paies,Paies,PROPN
Omphale,Omphale,PROPN
archer,archer,NOUN
Héro,Héro,PROPN
Hippodamie,Hippodamie,PROPN
Herculedompté,Herculedompté,PROPN
Dévouement,dévouement,NOUN
Adraste,Adraste,X
Conversation,Conversation,PROPN
Châtiment,châtiment,NOUN
Caron,Caron,PROPN
Berger,Berger,PROPN
Absrrte,Absrrte,PROPN
Arria,Arria,PROPN
Acamas,Acamas,PROPN
Anchise,Anchise,PROPN
Adieux,adieu,NOUN
Achillas,Achillas,PROPN
Ènée,ènée,NOUN
bige,bige,NOUN
Adonis,Adonis,PROPN
Coureurs,coureur,NOUN
Junon,Junon,PROPN
Palestre,Palestre,PROPN
Agate,Agate,PROPN
Iole,Iole,PROPN
Thersite,thersite,NOUN
Tiphanati,Tiphanati,PROPN
Harpocrate,Harpocrate,PROPN
Eurydice,Eurydice,PROPN
Tithon,Tithon,PROPN
Titnandra,Titnandra,PROPN
Centauresse,Centauresse,PROPN
Tydée,Tydée,PROPN
Télèphe,Télèphe,PROPN
acteurs,acteur,NOUN
aurige,aurig,ADJ
bouc,bouc,NOUN
thème,thème,NOUN
L',le,DET
Espérance,espérance,NOUN
gigantomachie,gigantomachie,NOUN
chouette,chouette,ADJ
duels,duel,NOUN
12,12,NUM
crocodile,crocodile,NOUN
griffon,griffon,PROPN
mystagogue,mystagogue,NOUN
Gorgones,Gorgones,PROPN
panthère,panthère,NOUN
Quatre,Quatre,NUM
l',le,DET
Amazone,amazone,NOUN
Centauromachie,Centauromachie,PROPN
Amazonomachie,Amazonomachie,PROPN
Jeux,jeu,NOUN
Telrphé,Telrphé,PROPN
Maia,Maia,PROPN
Phœnicé,Phœnicé,PROPN
Cigale,Cigale,PROPN
Chasseur,chasseur,NOUN
Minotaure,Minotaure,PROPN
Muses,muse,NOUN
Naïades,Naïades,PROPN
Bélier,Bélier,PROPN
Nestor,Nestor,X
Alexandrie,Alexandrie,PROPN
Pasiphaé,Pasiphaé,PROPN
Vengeance,vengeance,NOUN
Perséa,Perséa,PROPN
Phaëthon,Phaëthon,PROPN
Phœbé,Phœbé,PROPN
Alhéna,Alhéna,PROPN
Pénélope,Pénélope,PROPN
Phœnix,Phœnix,PROPN
Éducation,éducation,NOUN
Pisidice,Pisidice,PROPN
Vieillard,Vieillard,PROPN
Télesphore,Télesphore,PROPN
Syrinx,Syrinx,PROPN
Pisistrate,Pisistrate,PROPN
Salyre,Salyre,PROPN
Polycaste,Polycaste,PROPN
Repos,repos,NOUN
Pygmée,Pygmée,PROPN
Pygmées,Pygmées,PROPN
Pélée,pélée,NOUN
Agrippa,Agrippa,PROPN
Agrippine,Agrippine,PROPN
Didius,Didius,PROPN
Yl',Yl',PROPN
Irjsse,Irjsse,PROPN
Antirjone,Antirjone,PROPN
Antigène,antigène,NOUN
Alexan,Alexan,PROPN
Sirènes,Sirènes,PROPN
A',A',PROPN
Icxandre,Icxandre,PROPN
rideau,rideau,NOUN
llcraklides,llcraklides,PROPN
imVaiuqueiœ,imvaiuqueiœ,NOUN
grappede,grappede,NOUN
chœurd',chœurd',PROPN
Ariane,Ariane,PROPN
balailie,balaili,ADJ
allégorie,allégorie,NOUN
Zens,Zens,PROPN
Yieillard,yieillard,NOUN
Baccims,Baccims,PROPN
Sacd',Sacd',PROPN
une,un,DET
Sac,Sac,PROPN
Prèlre,Prèlre,PROPN
Prise,prise,NOUN
Polyphcme,Polyphcme,PROPN
Piise,Piise,PROPN
Nourrice,Nourrice,PROPN
Noces,noce,NOUN
Niobé,Niobé,PROPN
Leostficneset,Leostficneset,PROPN
Destruction,destruction,NOUN
Descente,Descente,PROPN
Lapithine,Lapithine,PROPN
Arkhélaos,Arkhélaos,PROPN
Apollons,Apollons,PROPN
Epaminondas,Epaminondas,PROPN
Armement,armement,NOUN
Lavage,lavage,NOUN
Javelot,Javelot,PROPN
Gynécée,Gynécée,PROPN
Foulage,Foulage,PROPN
Femmes,femme,NOUN
boutique,boutique,NOUN
Enlèvements,enlèvement,NOUN
Départs,Départs,PROPN
guerre,guerre,NOUN
joueuse,joueur,ADJ
Éthiopien,éthiopien,ADJ
Banquets,banquet,NOUN
Banquet,Banquet,PROPN
meurtre,meurtre,NOUN
vainqueur,vainqueur,NOUN
nourrice,nourrice,NOUN
hétaïres,hétaïre,ADJ
acteur,acteur,NOUN
Yictùire,Yictùire,PROPN
Vro,Vro,PROPN
VHcraklès,vhcraklè,ADJ
V,v,NOUN
UippoUjte,UippoUjte,PROPN
Tisseuses,tisseur,NOUN
Siège,siège,NOUN
Pé,Pé,PROPN
pompe,pompe,NOUN
Klitus,Klitus,PROPN
Chasseurs,Chasseurs,PROPN
Atlilète,Atlilète,PROPN
AthlHe,AthlHe,PROPN
Dieu,Dieu,PROPN
défilé,défilé,NOUN
supplice,supplice,NOUN
Temps,temps,NOUN
Sculpteur,sculpteur,NOUN
Salyres,Salyres,PROPN
Piété,piéter,VERB
Paix,Paix,PROPN
Nuit,nuit,NOUN
Laboureur,Laboureur,PROPN
Judée,Judée,PROPN
Jeune,jeune,ADJ
Océan,Océan,PROPN
Hygie,Hygie,PROPN
Cerbère,Cerbère,PROPN
Ancée,ancée,NOUN
Calpurnie,Calpurnie,PROPN
initié,initier,VERB
Némésis,Némésis,PROPN
Cinq,Cinq,NUM
Géant,Géant,PROPN
Dioscures,Dioscures,PROPN
fable,fabl,ADJ
aurore,aurore,X
Temple,Temple,PROPN
Socrate,Socrate,PROPN
Palémon,Palémon,PROPN
Icarius,Icarius,PROPN
Gordien,gordien,ADJ
Triomphede,Triomphede,PROPN
fêtes,fête,NOUN
l',le,DET
initiation,initiation,NOUN
banquets,banquet,NOUN
Amicitia,Amicitia,PROPN
Aikibiades,Aikibiades,PROPN
personnifications,personnification,NOUN
Gauloises,Gauloises,PROPN
Cavaliers,cavalier,NOUN
Proklès,Proklès,PROPN
Sosandra,Sosandra,PROPN
banquet,banquet,NOUN
la,le,DET
Têle,Têle,X
Tibère,Tibère,PROPN
Satyreet,Satyreet,PROPN
Psychés,psyché,NOUN
Paysan,Paysan,PROPN
Panisque,Panisque,PROPN
Marc,Marc,PROPN
Macrin,Macrin,PROPN
Io,io,PRON
Halirrhotius,Halirrhotius,PROPN
Hadrien,Hadrien,PROPN
Empereur,Empereur,PROPN
vieil,vieux,ADJ
Galate,Galate,PROPN
Argus,Argus,PROPN
Antonin,Antonin,PROPN
Animal,Animal,PROPN
Tanaquil,Tanaquil,PROPN
Véniis,Véniis,PROPN
Hercule,Hercule,PROPN
Bacchus,Bacchus,PROPN
Apollon,Apollon,PROPN
jeune,jeune,ADJ
homme,homme,NOUN
Amour,Amour,PROPN
Jupiter,Jupiter,PROPN
Vénus,Vénus,PROPN
deux,deux,NUM
Mercure,Mercure,PROPN
Minerve,Minerve,PROPN
un,un,DET
combat,combat,NOUN
Achille,Achille,PROPN
Bacchante,Bacchante,PROPN
Combat,combat,NOUN
roi,roi,NOUN
enfant,enfant,NOUN
Thésée,Thésée,PROPN
Aphrodite,Aphrodite,PROPN
Victoire,Victoire,PROPN
Éros,Éros,PROPN
des,de,ADP
Alexandre,Alexandre,PROPN
Athéna,Athéna,PROPN
Ulysse,Ulysse,PROPN
Danse,danse,NOUN
Gaulois,Gaulois,PROPN
Héraclès,Héraclès,PROPN
Satyre,Satyre,PROPN
Prométhée,Prométhée,PROPN
femme,femme,NOUN
atelier,atelier,NOUN
scènes,scène,NOUN
Déméter,déméter,VERB
Neptune,neptune,NOUN
le,le,DET
prêtre,prêtre,NOUN
bataille,bataille,NOUN
Dioscures,dioscures,PRON
éphèbe,éphèbe,PROPN
combats,combat,NOUN
Héra,Héra,PROPN
la,le,DET
Pan,Pan,PROPN
héros,héros,NOUN
Ménélas,Ménélas,PROPN
vieille,vieux,ADJ
Hermès,Hermès,PROPN
Psyché,Psyché,PROPN
personnages,personnage,NOUN
dispute,dispute,VERB
portraits,portrait,NOUN
Pygmées,Pygmées,PROPN
lutte,lutte,NOUN
scène,scène,NOUN
Pélée,pélé,ADJ
mère,mère,NOUN
sacrifice,sacrifice,NOUN
cadavre,cadavre,NOUN
Mars,mars,NOUN
Iréné,Iréné,PROPN
Triptolème,triptolèm,ADJ
capitaine,capitaine,NOUN
coureur,coureur,NOUN
Cérès,Cérès,PROPN
Ouvriers,ouvrier,NOUN
Diane,Diane,PROPN
Jason,Jason,PROPN
Silène,Silène,PROPN
Thétis,Thétis,PROPN
Deux,Deux,NUM
guerrier,guerrier,NOUN
athlète,athlèt,ADJ
éducation,éducation,NOUN
Junon,Junon,PROPN
quadriges,quadrige,NOUN
vainqueur,vainqueur,NOUN
poète,poète,ADJ
Vulcain,vulcain,NOUN
jeunes,jeune,ADJ
Sérapis,Sérapis,PROPN
Spartiates,spartiate,NOUN
mulet,mulet,NOUN
Bacchantes,Bacchantes,PROPN
Génie,Génie,PROPN
Cavalier,Cavalier,PROPN
femmes,femme,NOUN
Éthra,Éthra,PROPN
Libation,Libation,PROPN
vieillard,vieillard,NOUN
sujet,sujet,NOUN
joueur,joueur,NOUN
Néoptolème,Néoptolème,PROPN
esclave,esclave,NOUN
Zéthus,Zéthus,PROPN
Méléagre,Méléagre,PROPN
empruntées,emprunter,VERB
Bain,Bain,PROPN
Alcmène,Alcmène,PROPN
Archémoros,Archémoros,PROPN
Borée,boré,ADJ
Archers,Archers,PROPN
danse,danse,NOUN
Animaux,animal,NOUN
Aethra,Aethra,PROPN
Cadmos,Cadmos,PROPN
Andromaque,Andromaque,PROPN
Banquet,Banquet,PROPN
Alexibius,Alexibius,PROPN
épisodes,épisode,NOUN
Anapanomenos,Anapanomenos,PROPN
Zens,Zens,PROPN
Yieillard,yieillard,NOUN
Penthésilée,Penthésilée,PROPN
Générai,Générai,PROPN
Grèce,grèce,NOUN
Atlas,Atlas,PROPN
Aristrate,Aristrate,PROPN
Ajax,Ajax,PROPN
réception,réception,NOUN
Cavaliers,cavalier,NOUN
taureau,taureau,NOUN
sabotier,sabotier,NOUN
peaussier,peaussier,PROPN
marchand,marchand,NOUN
foulon,foulon,PROPN
forgeron,forgeron,ADV
Zeus,Zeus,PROPN
petit,petit,ADJ
poissons,poisson,NOUN
Antigène,antigène,NOUN
reconnaissance,reconnaissance,NOUN
groupe,groupe,NOUN
filles,fille,NOUN
cortège,cortège,NOUN
Sappho,Sappho,PROPN
Héos,Héos,PROPN
potier,potier,NOUN
ouvriers,ouvrier,NOUN
Chasse,Chasse,PROPN
éléphants,éléphant,NOUN
vingt,vingt,NUM
fille,fille,NOUN
UippoUjte,UippoUjte,PROPN
Hélène,Hélène,PROPN
Artcmis,Artcmis,PROPN
Calydon,Calydon,PROPN
Pelée,peler,ADJ
Cottabe,Cottabe,PROPN
APOLLON,APOLLON,PROPN
DANSEURS,DANSEURS,PROPN
Cérémonies,cérémonie,NOUN
CONDUITE,CONDUITE,PROPN
CAILLES,caille,NOUN
BOUTIQUE,BOUTIQUE,PROPN
BACCHUS,BACCHUS,PROPN
ARIANE,ariane,NOUN
singe,singe,NOUN
Eschyle,Eschyle,PROPN
Tête,Tête,PROPN
Saturne,Saturne,PROPN
Caelestis,Caelestis,PROPN
Actéon,Actéon,PROPN
fable,fabl,ADJ
Térée,térer,VERB
Télété,Télété,PROPN
DIVERTISSEMENTS,DIVERTISSEMENTS,X
GAZELLES,GAZELLES,PROPN
Dionysiaques,Dionysiaques,PROPN
SEPT,SEPT,PROPN
Artémis,Artémis,PROPN
Pantheuchyde,Pantheuchyde,PROPN
Atalante,atalant,ADJ
sujets,sujet,NOUN
guerriers,guerrier,NOUN
VUES,vue,NOUN
THÉTIS,THÉTIS,PROPN
Persée,persée,NOUN
HERCULE,HERCULE,PROPN
PAON,PAON,PROPN
MERCURE,MERCURE,PROPN
MELpOMÈNE,MELpOMÈNE,PROPN
MARCHÉ,marché,NOUN
MAITRE,maitre,NOUN
JUPITER,JUPITER,PROPN
HYLAS,HYLAS,PROPN
Paix,Paix,PROPN
Cécrops,Cécrops,PROPN
mêlée,mêler,ADJ
Khrysos,Khrysos,PROPN
Offrandes,Offrandes,PROPN
Niobides,Niobides,PROPN
Myrtilos,Myrtilos,PROPN
Mort,mort,NOUN
Minotaure,Minotaure,PROPN
Minos,Minos,PROPN
Mariage,mariage,NOUN
Hypnos,hypno,NOUN
Dionysos,Dionysos,PROPN
Hadés,Hadés,PROPN
Gynécée,Gynécée,PROPN
Gymnase,gymnase,NOUN
Exposition,exposition,NOUN
Europe,Europe,PROPN
Enfers,enfer,NOUN
Dédale,dédale,NOUN
Pandore,Pandore,PROPN
Foulon,Foulon,PROPN
Pettie,Pettie,PROPN
Polyphème,polyphèm,ADJ
hospitalité,hospitalité,NOUN
dieux,dieu,NOUN
Anaïtis,Anaïtis,PROPN
transport,transport,NOUN
père,père,NOUN
divinités,divinité,NOUN
cratère,cratère,NOUN
course,course,NOUN
buste,buste,NOUN
aventures,aventure,NOUN
attelage,attelage,NOUN
amant,amant,NOUN
Tritons,Tritons,PROPN
Toilette,Toilette,PROPN
Priamides,Priamides,PROPN
fabricant,fabricant,NOUN
Guerrier,Guerrier,PROPN
Epona,Epona,PROPN
aventure,aventure,NOUN
comédiens,comédien,NOUN
combattant,combattre,VERB
chasseurs,chasseur,PROPN
charlatan,charlatan,NOUN
boutiques,boutique,NOUN
bambochade,bambochade,PROPN
Sémiramis,Sémiramis,PROPN
famille,famill,ADJ
Pénélope,Pénélope,PROPN
Némée,némée,NOUN
Mère,Mère,PROPN
Léontium,Léontium,PROPN
Leontion,Leontion,PROPN
Lecythion,Lecythion,PROPN
corde,corde,NOUN
figure,figurer,VERB
Guerre,guerre,NOUN
provisions,provision,NOUN
Énée,Énée,PROPN
vieux,vieux,ADJ
victoire,victoire,NOUN
tragédien,tragédien,NOUN
suppliant,supplier,VERB
reine,reine,NOUN
peuple,peuple,NOUN
hommes,homme,NOUN
personnage,personnage,NOUN
palefrenier,palefrenier,NOUN
nourrice,nourrice,NOUN
meurtre,meurtre,NOUN
maisons,maison,NOUN
l',le,DET
Amitié,Amitié,PROPN
Hippolyte,Hippolyte,PROPN
Clitus,Clitus,PROPN
Boutique,Boutique,PROPN
Démarate,Démarate,PROPN
Latone,Latone,PROPN
épisode,épisode,NOUN
adolescent,adolescent,NOUN
officiers,officier,NOUN
Papirius,Papirius,PROPN
personnification,personnification,NOUN
quatorze,quatorze,NUM
bel,bel,ADJ
orateur,orateur,NOUN
lionne,lionn,ADJ
d',de,ADP
homme,homme,NOUN
Sparte,Sparte,PROPN
Latonne,Latonne,PROPN
Fortune,fortune,NOUN
Philippe,Philippe,PROPN
biges,biges,PROPN
Arrhelaüs,Arrhelaüs,PROPN
quadrige,quadrige,NOUN
Aratus,Aratus,PROPN
Antigone,Antigone,PROPN
Ancée,Ancée,PROPN
Agatharchus,Agatharchus,PROPN
une,un,DET
sa,son,DET
matrones,matrone,NOUN
cavalcade,cavalcade,NOUN
matrone,matrone,NOUN
l',le,DET
homme,homme,NOUN
joueuse,joueur,ADJ
enfants,enfant,NOUN
de,de,ADP
courtisane,courtisan,ADJ
Agamemnon,Agamemnon,PROPN
Nestor,Nestor,X
Nymphes,nymphe,NOUN
Rhésus,Rhésus,PROPN
berger,berger,NOUN
Romulus,Romulus,PROPN
Diogène,Diogène,PROPN
histoire,histoire,NOUN
Tyché,Tyché,PROPN
Terre,Terre,PROPN
Quadrige,Quadrige,PROPN
Soldat,soldat,NOUN
Joueur,joueur,NOUN
Jardins,Jardins,PROPN
Héros,héros,NOUN
Héraclides,Héraclides,PROPN
Enfant,Enfant,PROPN
Adonis,Adonis,PROPN
Marc,Marc,PROPN
Némésis,Némésis,PROPN
Héraklès,Héraklès,PROPN
Barque,Barque,PROPN
l',le,DET
Amour,amour,NOUN
bélier,bélier,NOUN
Sculpteur,sculpteur,NOUN
Prince,Prince,PROPN
Olympos,Olympos,PROPN
Isis,Isis,PROPN
grandes,grand,ADJ
Serpent,Serpent,PROPN
Tragédie,tragédie,NOUN
Deucalion,Deucalion,PROPN
Cybèle,Cybèle,X
Caracalla,Caracalla,PROPN
Éléphant,Éléphant,PROPN
Un,un,DET
Alhéna,Alhéna,PROPN
symbole,symbole,NOUN
Salyre,Salyre,PROPN
Cyrène,Cyrène,PROPN
satyre,satyre,NOUN
retour,retour,NOUN
lion,lion,NOUN
griffon,griffon,PROPN
cheval,cheval,NOUN
OEnochoé,OEnochoé,PROPN
colombe,colombe,PROPN
Priam,Priam,PROPN
char,char,NOUN
Nil,Nil,PROPN
supplice,supplice,NOUN
Amazones,Amazones,PROPN
préparatifs,préparatif,ADJ
Marsyas,Marsyas,PROPN
tête,tête,NOUN
Acamas,Acamas,PROPN
Démophon,Démophon,PROPN
Her,Her,X
Télémaque,Télémaque,PROPN
fleuve,fleuve,PROPN
Centaure,centaure,VERB
Sapho,sapho,NOUN
Trois,Trois,NUM
acteur,acteur,NOUN
naissance,naissance,NOUN
représentation,représentation,NOUN
Bonus,bonus,NOUN
Castor,Castor,PROPN
Céphale,Céphale,PROPN
Femme,Femme,PROPN
Iole,Iole,PROPN
Enlèvement,enlèvement,NOUN
