Balise	Mot	Nombre d'occurrences
Appellation Complexe	statue	102
Appellation Complexe	Cornaline	64
Appellation Complexe	statues	58
Appellation Complexe	R	43
Appellation Complexe	Apelles	34
Appellation Complexe	à	32
Appellation Complexe	Agate	30
Appellation Complexe	dans	29
Appellation Complexe	Tête	28
Appellation Complexe	Il	26
Appellation Complexe	Apollon	24
Appellation Complexe	On	22
Appellation Complexe	représente	21
Appellation Complexe	il	21
Appellation Complexe	le	20
Appellation Complexe	Le	20
Appellation Complexe	on	20
Appellation Complexe	Aphrodite	19
Appellation Complexe	Vénus	19
Appellation Complexe	Jaspe	18
Appellation Complexe	groupe	18
Appellation Complexe	tableau	17
Appellation Complexe	les	17
Appellation Complexe	Jupiter	16
Appellation Complexe	sur	15
Appellation Complexe	un	15
Appellation Complexe	vase	15
Appellation Complexe	Sardonyx	15
Appellation Complexe	Les	14
Appellation Complexe	deux	14
Appellation Complexe	bas	13
Appellation Complexe	Cylix	12
Appellation Complexe	Int	12
Appellation Complexe	tête	12
Appellation Complexe	Kouros	12
Appellation Complexe	coupe	12
Appellation Complexe	Sur	12
Appellation Complexe	Amphore	11
Appellation Complexe	Phidias	11
Appellation Complexe	La	11
Appellation Complexe	type	10
Appellation Complexe	Athéna	10
Appellation Complexe	portrait	10
Appellation Complexe	représentation	10
Appellation Complexe	y	10
Appellation Complexe	Minerve	10
Appellation Complexe	représentant	10
Appellation Complexe	mosaïque	9
Appellation Complexe	Peliké	9
Appellation Complexe	A	9
Appellation Complexe	OEnochoé	9
Appellation Complexe	Éros	8
Appellation Complexe	base	8
Appellation Complexe	Apelle	8
Appellation Complexe	Lysippe	8
Appellation Complexe	est	8
Appellation Complexe	représenter	8
Appellation Complexe	a	8
Appellation Complexe	Scène	8
Appellation Complexe	Amph	8
Appellation Complexe	peindre	7
Appellation Complexe	une	7
Appellation Complexe	De	7
Appellation Complexe	Rome	7
Appellation Complexe	Praxitèle	7
Appellation Complexe	Zeus	7
Appellation Complexe	Capitoline	7
Appellation Complexe	vases	7
Appellation Complexe	frise	7
Appellation Complexe	au	7
Appellation Complexe	Héraclès	7
Appellation Complexe	peint	7
Appellation Complexe	Hercule	7
Appellation Complexe	Zeuxis	7
Appellation Complexe	de	7
Appellation Complexe	la	7
Appellation Complexe	Amour	6
Appellation Complexe	Vase	6
Appellation Complexe	belle	6
Appellation Complexe	représentations	6
Appellation Complexe	Onyx	6
Appellation Complexe	Achille	6
Appellation Complexe	temple	6
Appellation Complexe	Cupidon	6
Appellation Complexe	portraits	6
Appellation Complexe	Myron	6
Appellation Complexe	se	6
Appellation Complexe	stèle	6
Appellation Complexe	tableaux	6
Appellation Complexe	ce	5
Appellation Complexe	pour	5
Appellation Complexe	Améthyste	5
Appellation Complexe	pierres	5
Appellation Complexe	camée	5
Appellation Complexe	en	5
Appellation Complexe	HÉRACLÈS	5
Appellation Complexe	métopes	5
Appellation Complexe	l'Aphrodite	5
Appellation Complexe	Alexandre	5
Appellation Complexe	statuette	5
Appellation Complexe	l'Hercule	5
Appellation Complexe	reconnaître	5
Appellation Complexe	Statue	5
Appellation Complexe	petit	5
Appellation Complexe	oeuvre	5
Appellation Complexe	célèbre	5
Appellation Complexe	Ajax	5
Appellation Complexe	Antinoüs	5
Appellation Complexe	korè	5
Appellation Complexe	nom	4
Appellation Complexe	beau	4
Appellation Complexe	Plusieurs	4
Appellation Complexe	Combat	4
Appellation Complexe	buste	4
Appellation Complexe	œuvres	4
Appellation Complexe	œuvre	4
Appellation Complexe	Gaulois	4
Appellation Complexe	Sarcophage	4
Appellation Complexe	figurine	4
Appellation Complexe	magnifique	4
Appellation Complexe	Hydrie	4
Appellation Complexe	Oxybaphon	4
Appellation Complexe	scènes	4
Appellation Complexe	peignit	4
Appellation Complexe	amphore	4
Appellation Complexe	Hermès	4
Appellation Complexe	Héra	4
Appellation Complexe	Satyre	4
Appellation Complexe	cratère	4
Appellation Complexe	l	4
Appellation Complexe	des	4
Appellation Complexe	Sauroctone	4
Appellation Complexe	Au	4
Appellation Complexe	sont	4
Appellation Complexe	Pâte	4
Appellation Complexe	peintre	4
Appellation Complexe	figure	4
Appellation Complexe	représentent	4
Appellation Complexe	têtes	4
Appellation Complexe	Bacchus	4
Appellation Complexe	reconnaît	4
Appellation Complexe	Prime	4
Appellation Complexe	II	4
Appellation Complexe	Alkamènes	3
Appellation Complexe	Polygnote	3
Appellation Complexe	Ptolémée	3
Appellation Complexe	donna	3
Appellation Complexe	l'empereur	3
Appellation Complexe	Lécythus	3
Appellation Complexe	très	3
Appellation Complexe	Rhyton	3
Appellation Complexe	d'un	3
Appellation Complexe	fameux	3
Appellation Complexe	Calcédoine	3
Appellation Complexe	auteur	3
Appellation Complexe	coupes	3
Appellation Complexe	Athènes	3
Appellation Complexe	Ce	3
Appellation Complexe	stèles	3
Appellation Complexe	autel	3
Appellation Complexe	bustes	3
Appellation Complexe	Sirène	3
Appellation Complexe	fameuse	3
Appellation Complexe	original	3
Appellation Complexe	Persée	3
Appellation Complexe	Artémis	3
Appellation Complexe	ces	3
Appellation Complexe	nous	3
Appellation Complexe	Des	3
Appellation Complexe	roi	3
Appellation Complexe	scène	3
Appellation Complexe	chef	3
Appellation Complexe	dessins	3
Appellation Complexe	Théodore	3
Appellation Complexe	cheval	3
Appellation Complexe	l'Anguipède	3
Appellation Complexe	sujets	3
Appellation Complexe	celui	3
Appellation Complexe	Korè	3
Appellation Complexe	Coupe	3
Appellation Complexe	l'artiste	3
Appellation Complexe	où	3
Appellation Complexe	Buste	3
Appellation Complexe	D'un	3
Appellation Complexe	Hyacinthe	3
Appellation Complexe	Grenat	3
Appellation Complexe	plinthe	3
Appellation Complexe	procession	2
Appellation Complexe	naissance	2
Appellation Complexe	Céphisodote	2
Appellation Complexe	oenochoé	2
Appellation Complexe	épisodes	2
Appellation Complexe	Aglaophon	2
Appellation Complexe	Poséidon	2
Appellation Complexe	Retour	2
Appellation Complexe	suicide	2
Appellation Complexe	Dédale	2
Appellation Complexe	fronton	2
Appellation Complexe	CÉPHISODOTE	2
Appellation Complexe	ils	2
Appellation Complexe	bouclier	2
Appellation Complexe	combat	2
Appellation Complexe	kélébé	2
Appellation Complexe	représenta	2
Appellation Complexe	Paionios	2
Appellation Complexe	char	2
Appellation Complexe	marbres	2
Appellation Complexe	kouros	2
Appellation Complexe	Thésée	2
Appellation Complexe	Déméter	2
Appellation Complexe	montrant	2
Appellation Complexe	THRASON	2
Appellation Complexe	Dionysos	2
Appellation Complexe	peinture	2
Appellation Complexe	réplique	2
Appellation Complexe	Jugement	2
Appellation Complexe	peintures	2
Appellation Complexe	Nicératus	2
Appellation Complexe	Réunion	2
Appellation Complexe	Polyclès	2
Appellation Complexe	Déesse	2
Appellation Complexe	Pythagore	2
Appellation Complexe	l'extérieur	2
Appellation Complexe	Philiscus	2
Appellation Complexe	Panaenus	2
Appellation Complexe	Une	2
Appellation Complexe	Exposition	2
Appellation Complexe	était	2
Appellation Complexe	dédièrent	2
Appellation Complexe	firent	2
Appellation Complexe	Protogènes	2
Appellation Complexe	jeune	2
Appellation Complexe	Dans	2
Appellation Complexe	quadrige	2
Appellation Complexe	inspira	2
Appellation Complexe	César	2
Appellation Complexe	faire	2
Appellation Complexe	C	2
Appellation Complexe	Aristophon	2
Appellation Complexe	DÉPART	2
Appellation Complexe	Latone	2
Appellation Complexe	ex	2
Appellation Complexe	Timanthe	2
Appellation Complexe	Oreste	2
Appellation Complexe	Sphinx	2
Appellation Complexe	Onatas	2
Appellation Complexe	Nymphes	2
Appellation Complexe	CLÉOMÈNES	2
Appellation Complexe	Naissance	2
Appellation Complexe	Lampe	2
Appellation Complexe	reconnue	2
Appellation Complexe	Aphrodites	2
Appellation Complexe	Laocoon	2
Appellation Complexe	Hector	2
Appellation Complexe	peignant	2
Appellation Complexe	Elles	2
Appellation Complexe	l'un	2
Appellation Complexe	Bryaxis	2
Appellation Complexe	CHÉNEAU	2
Appellation Complexe	Athéniennes	2
Appellation Complexe	grappe	2
Appellation Complexe	Crésilas	2
Appellation Complexe	Aryballe	2
Appellation Complexe	Antéfixe	2
Appellation Complexe	Ils	2
Appellation Complexe	L'artiste	2
Appellation Complexe	jumeaux	2
Appellation Complexe	Aristides	2
Appellation Complexe	Éphèse	2
Appellation Complexe	Kélebé	2
Appellation Complexe	table	2
Appellation Complexe	APOLLONIUS	2
Appellation Complexe	Mars	2
Appellation Complexe	Stéphanos	2
Appellation Complexe	moulage	2
Appellation Complexe	Génie	2
Appellation Complexe	Dinoménès	2
Appellation Complexe	ARISTANDRE	2
Appellation Complexe	ARCÉSILAS	2
Appellation Complexe	encensoir	2
Appellation Complexe	Elle	2
Appellation Complexe	Cyathis	2
Appellation Complexe	Faune	2
Appellation Complexe	Mosaïque	2
Appellation Complexe	ANTIPHANE	2
Appellation Complexe	sous	2
Appellation Complexe	ANTIGONE	2
Appellation Complexe	l'enlèvement	2
Appellation Complexe	montre	2
Appellation Complexe	gemme	2
Appellation Complexe	Petite	2
Appellation Complexe	Relief	2
Appellation Complexe	cornaline	2
Appellation Complexe	Cratère	2
Appellation Complexe	qu'il	2
Appellation Complexe	MÉNECHME	2
Appellation Complexe	attribue	2
Appellation Complexe	Grâces	2
Appellation Complexe	enlèvement	2
Appellation Complexe	MNASITIME	2
Appellation Complexe	MICON	2
Appellation Complexe	Aryballos	2
Appellation Complexe	Peint	2
Appellation Complexe	bataille	2
Appellation Complexe	HÉPHÆSTION	2
Appellation Complexe	POLYDORE	2
Appellation Complexe	PRAXIAS	2
Appellation Complexe	Silène	2
Appellation Complexe	Trophées	2
Appellation Complexe	Rhodes	2
Appellation Complexe	Scopas	2
Appellation Complexe	elle	2
Appellation Complexe	c'est	2
Appellation Complexe	intaille	2
Appellation Complexe	DAMÉAS	2
Appellation Complexe	portique	2
Appellation Complexe	Cyzique	2
Appellation Complexe	lui	2
Appellation Complexe	monument	2
Appellation Complexe	Pausanias	2
Appellation Complexe	PYTHOCRITE	2
Appellation Complexe	ARISTOCLÈS	2
Appellation Complexe	près	2
Appellation Complexe	cette	2
Appellation Complexe	Αntinοϋs	2
Appellation Complexe	Canthare	2
Appellation Complexe	trépied	2
Appellation Complexe	offrandes	1
Appellation Complexe	Pierres	1
Appellation Complexe	restaurer	1
Appellation Complexe	Asklépiodore	1
Appellation Complexe	l'aigle	1
Appellation Complexe	tombeau	1
Appellation Complexe	Athéné	1
Appellation Complexe	Salomon	1
Appellation Complexe	Aplirodite	1
Appellation Complexe	représenté	1
Appellation Complexe	offrande	1
Appellation Complexe	guerrier	1
Appellation Complexe	Glarac	1
Appellation Complexe	gymnase	1
Appellation Complexe	xJaspe	1
Appellation Complexe	taillant	1
Appellation Complexe	sculptait	1
Appellation Complexe	placèrent	1
Appellation Complexe	Femme	1
Appellation Complexe	omphalos	1
Appellation Complexe	Trépied	1
Appellation Complexe	PIERRES	1
Appellation Complexe	Celle	1
Appellation Complexe	figurant	1
Appellation Complexe	maints	1
Appellation Complexe	patène	1
Appellation Complexe	Aiguë	1
Appellation Complexe	voyait	1
Appellation Complexe	excellente	1
Appellation Complexe	Pyrgotèles	1
Appellation Complexe	Ttjkhé	1
Appellation Complexe	monnaies	1
Appellation Complexe	VAplirodile	1
Appellation Complexe	Praxitè	1
Appellation Complexe	Variante	1
Appellation Complexe	Victoires	1
Appellation Complexe	Vro	1
Appellation Complexe	Nymphe	1
Appellation Complexe	q	1
Appellation Complexe	admirer	1
Appellation Complexe	Procession	1
Appellation Complexe	Pompe	1
Appellation Complexe	Orsini	1
Appellation Complexe	L'Alexandre	1
Appellation Complexe	piédestaux	1
Appellation Complexe	Hephsestiôn	1
Appellation Complexe	s'apparente	1
Appellation Complexe	Diane	1
Appellation Complexe	Ilabron	1
Appellation Complexe	Klitus	1
Appellation Complexe	L'Aphro	1
Appellation Complexe	Pline	1
Appellation Complexe	Dieu	1
Appellation Complexe	Néron	1
Appellation Complexe	Chrysolite	1
Appellation Complexe	VÉNUS	1
Appellation Complexe	Pankasté	1
Appellation Complexe	Patras	1
Appellation Complexe	APHRODITES	1
Appellation Complexe	Praxitèles	1
Appellation Complexe	bronzes	1
Appellation Complexe	Kalamis	1
Appellation Complexe	édifice	1
Appellation Complexe	Bas	1
Appellation Complexe	Auguste	1
Appellation Complexe	âne	1
Appellation Complexe	Glaukos	1
Appellation Complexe	aurions	1
Appellation Complexe	Ilégias	1
Appellation Complexe	Kallimaque	1
Appellation Complexe	Dsedale	1
Appellation Complexe	Kallitèles	1
Appellation Complexe	Étoliens	1
Appellation Complexe	devait	1
Appellation Complexe	Kallon	1
Appellation Complexe	personnification	1
Appellation Complexe	Kandaule	1
Appellation Complexe	légende	1
Appellation Complexe	Ekhion	1
Appellation Complexe	Moulages	1
Appellation Complexe	Athlète	1
Appellation Complexe	Trésor	1
Appellation Complexe	description	1
Appellation Complexe	trésor	1
Appellation Complexe	monuments	1
Appellation Complexe	modèle	1
Appellation Complexe	grande	1
Appellation Complexe	chaudron	1
Appellation Complexe	Amazone	1
Appellation Complexe	colossale	1
Appellation Complexe	reconstituer	1
Appellation Complexe	Aristrate	1
Appellation Complexe	Statues	1
Appellation Complexe	Arkésilaos	1
Appellation Complexe	étaient	1
Appellation Complexe	Artamènes	1
Appellation Complexe	Bupale	1
Appellation Complexe	érigèrent	1
Appellation Complexe	voyez	1
Appellation Complexe	jolie	1
Appellation Complexe	sans	1
Appellation Complexe	Yl'Irjsse	1
Appellation Complexe	Statuette	1
Appellation Complexe	YApoxyoménos	1
Appellation Complexe	influence	1
Appellation Complexe	qui	1
Appellation Complexe	Skopas	1
Appellation Complexe	Sanglier	1
Appellation Complexe	VAjax	1
Appellation Complexe	balailie	1
Appellation Complexe	travaux	1
Appellation Complexe	plusieurs	1
Appellation Complexe	Sabotier	1
Appellation Complexe	rattacher	1
Appellation Complexe	Guerrier	1
Appellation Complexe	bouclierde	1
Appellation Complexe	Epona	1
Appellation Complexe	Cheval	1
Appellation Complexe	Ganymède	1
Appellation Complexe	seize	1
Appellation Complexe	Philippe	1
Appellation Complexe	Ménekhme	1
Appellation Complexe	éphèbes	1
Appellation Complexe	belles	1
Appellation Complexe	Kléanthès	1
Appellation Complexe	tout	1
Appellation Complexe	Rosmerta	1
Appellation Complexe	Foulon	1
Appellation Complexe	Cerf	1
Appellation Complexe	taureau	1
Appellation Complexe	Laphaës	1
Appellation Complexe	Anadyomène	1
Appellation Complexe	Léarque	1
Appellation Complexe	Boutique	1
Appellation Complexe	Mikon	1
Appellation Complexe	Tète	1
Appellation Complexe	Sucellus	1
Appellation Complexe	avec	1
Appellation Complexe	reconnaissent	1
Appellation Complexe	copié	1
Appellation Complexe	petite	1
Appellation Complexe	consécration	1
Appellation Complexe	colonne	1
Appellation Complexe	orné	1
Appellation Complexe	l'Afrique	1
Appellation Complexe	Attitude	1
Appellation Complexe	Bien	1
Appellation Complexe	Deux	1
Appellation Complexe	MONOCHROME	1
Appellation Complexe	PEINTURES	1
Appellation Complexe	Siléne	1
Appellation Complexe	aperçoit	1
Appellation Complexe	centaure	1
Appellation Complexe	grillon	1
Appellation Complexe	petites	1
Appellation Complexe	remarque	1
Appellation Complexe	retrace	1
Appellation Complexe	Hélène	1
Appellation Complexe	Euphranor	1
Appellation Complexe	Andron	1
Appellation Complexe	Euthicrate	1
Appellation Complexe	Euticrate	1
Appellation Complexe	Glaucippe	1
Appellation Complexe	Hérodote	1
Appellation Complexe	Laïs	1
Appellation Complexe	Lysistrate	1
Appellation Complexe	L	1
Appellation Complexe	femme	1
Appellation Complexe	Pluton	1
Appellation Complexe	Patère	1
Appellation Complexe	Juba	1
Appellation Complexe	VASES	1
Appellation Complexe	vient	1
Appellation Complexe	Exékias	1
Appellation Complexe	L'une	1
Appellation Complexe	Nicosthènes	1
Appellation Complexe	SACRITICE	1
Appellation Complexe	cylix	1
Appellation Complexe	danse	1
Appellation Complexe	l'apothéose	1
Appellation Complexe	olpés	1
Appellation Complexe	plus	1
Appellation Complexe	Ker	1
Appellation Complexe	L'admirable	1
Appellation Complexe	exprime	1
Appellation Complexe	Hylas	1
Appellation Complexe	exprimer	1
Appellation Complexe	monomachies	1
Appellation Complexe	notre	1
Appellation Complexe	qu'au	1
Appellation Complexe	seraient	1
Appellation Complexe	voir	1
Appellation Complexe	Animal	1
Appellation Complexe	Antonin	1
Appellation Complexe	Actéon	1
Appellation Complexe	Constaxtine	1
Appellation Complexe	Divinité	1
Appellation Complexe	Gaîne	1
Appellation Complexe	poëte	1
Appellation Complexe	tyran	1
Appellation Complexe	Éphestion	1
Appellation Complexe	Ménélaos	1
Appellation Complexe	nlevé	1
Appellation Complexe	phalères	1
Appellation Complexe	vieille	1
Appellation Complexe	qu'une	1
Appellation Complexe	figurent	1
Appellation Complexe	Cypris	1
Appellation Complexe	Damophôn	1
Appellation Complexe	Marcus	1
Appellation Complexe	conservait	1
Appellation Complexe	galerie	1
Appellation Complexe	objet	1
Appellation Complexe	réalisation	1
Appellation Complexe	Κωλώτης	1
Appellation Complexe	entre	1
Appellation Complexe	Portrait	1
Appellation Complexe	portait	1
Appellation Complexe	Pinax	1
Appellation Complexe	miroirs	1
Appellation Complexe	simulacre	1
Appellation Complexe	L'Aphrodite	1
Appellation Complexe	Portique	1
Appellation Complexe	Harmodios	1
Appellation Complexe	théâtre	1
Appellation Complexe	Colosse	1
Appellation Complexe	Cléobis	1
Appellation Complexe	l'Apollon	1
Appellation Complexe	habitants	1
Appellation Complexe	enlevé	1
Appellation Complexe	Cnidiens	1
Appellation Complexe	génisse	1
Appellation Complexe	Paralos	1
Appellation Complexe	Protogène	1
Appellation Complexe	Rhodiens	1
Appellation Complexe	Thespiens	1
Appellation Complexe	reproduire	1
Appellation Complexe	Ceux	1
Appellation Complexe	Cos	1
Appellation Complexe	Terrés	1
Appellation Complexe	Thespies	1
Appellation Complexe	admirable	1
Appellation Complexe	Stèle	1
Appellation Complexe	d'Agrigente	1
Appellation Complexe	magnifiques	1
Appellation Complexe	du	1
Appellation Complexe	représentait	1
Appellation Complexe	été	1
Appellation Complexe	Canéphores	1
Appellation Complexe	Lyson	1
Appellation Complexe	Mummius	1
Appellation Complexe	Scipion	1
Appellation Complexe	Tes	1
Appellation Complexe	Transportée	1
Appellation Complexe	Verrès	1
Appellation Complexe	bel	1
Appellation Complexe	Kouroï	1
Appellation Complexe	copies	1
Appellation Complexe	représentée	1
Appellation Complexe	l'intérieur	1
Appellation Complexe	d'Antiphile	1
Appellation Complexe	contre	1
Appellation Complexe	Lacédémoniens	1
Appellation Complexe	débris	1
Appellation Complexe	L'omphalos	1
Appellation Complexe	statuaire	1
Appellation Complexe	L'hydre	1
Appellation Complexe	Un	1
Appellation Complexe	face	1
Appellation Complexe	grands	1
Appellation Complexe	skyphos	1
Appellation Complexe	phiale	1
Appellation Complexe	Ganymèdc	1
Appellation Complexe	Alphée	1
Appellation Complexe	Amazones	1
Appellation Complexe	Amours	1
Appellation Complexe	Asiatique	1
Appellation Complexe	Borée	1
Appellation Complexe	Bérénice	1
Appellation Complexe	Certains	1
Appellation Complexe	Danse	1
Appellation Complexe	Départ	1
Appellation Complexe	Eros	1
Appellation Complexe	Grecs	1
Appellation Complexe	Heraclès	1
Appellation Complexe	Dioscures	1
Appellation Complexe	Hypnos	1
Appellation Complexe	Hébé	1
Appellation Complexe	Cyrénéens	1
Appellation Complexe	L'intérieur	1
Appellation Complexe	Gerhard	1
Appellation Complexe	préparatifs	1
Appellation Complexe	montrait	1
Appellation Complexe	d'Apelles	1
Appellation Complexe	donné	1
Appellation Complexe	désignée	1
Appellation Complexe	dernière	1
Appellation Complexe	consacrèrent	1
Appellation Complexe	fresque	1
Appellation Complexe	gravèrent	1
Appellation Complexe	grylies	1
Appellation Complexe	knide	1
Appellation Complexe	l'œuvre	1
Appellation Complexe	c'estGorgias	1
Appellation Complexe	lalijsus	1
Appellation Complexe	bœuf	1
Appellation Complexe	plaque	1
Appellation Complexe	médaille	1
Appellation Complexe	Toutes	1
Appellation Complexe	porlrait	1
Appellation Complexe	qu'Apelles	1
Appellation Complexe	reusement	1
Appellation Complexe	satyre	1
Appellation Complexe	Antigone	1
Appellation Complexe	Temple	1
Appellation Complexe	L'autre	1
Appellation Complexe	Revers	1
Appellation Complexe	Létô	1
Appellation Complexe	l'Athéna	1
Appellation Complexe	Athénodoros	1
Appellation Complexe	Argiens	1
Appellation Complexe	Khrysos	1
Appellation Complexe	médaillon	1
Appellation Complexe	d'autres	1
Appellation Complexe	dieux	1
Appellation Complexe	dont	1
Appellation Complexe	décor	1
Appellation Complexe	emprunté	1
Appellation Complexe	exemplaire	1
Appellation Complexe	font	1
Appellation Complexe	grand	1
Appellation Complexe	l'aryballe	1
Appellation Complexe	l'attitude	1
Appellation Complexe	morte	1
Appellation Complexe	musée	1
Appellation Complexe	palais	1
Appellation Complexe	chasse	1
Appellation Complexe	patère	1
Appellation Complexe	produits	1
Appellation Complexe	remarquable	1
Appellation Complexe	reproduisant	1
Appellation Complexe	répétition	1
Appellation Complexe	s'inspirent	1
Appellation Complexe	Éphèbe	1
Appellation Complexe	statuettes	1
Appellation Complexe	élégant	1
Appellation Complexe	Crater	1
Appellation Complexe	En	1
Appellation Complexe	aryballiscos	1
Appellation Complexe	combats	1
Appellation Complexe	certains	1
Appellation Complexe	Antiphanès	1
Appellation Complexe	Ouvriers	1
Appellation Complexe	L'offrande	1
Appellation Complexe	Lutte	1
Appellation Complexe	Muse	1
Appellation Complexe	Ménades	1
Appellation Complexe	Ménélas	1
Appellation Complexe	Néarchos	1
Appellation Complexe	ivoires	1
Appellation Complexe	Deucalion	1
Appellation Complexe	OEdipe	1
Appellation Complexe	Olla	1
Appellation Complexe	Vases	1
Appellation Complexe	Genoux	1
Appellation Complexe	Pelée	1
Appellation Complexe	aventures	1
Appellation Complexe	core	1
Appellation Complexe	Koré	1
Appellation Complexe	Phiale	1
Appellation Complexe	Phrixos	1
Appellation Complexe	Polyphème	1
Appellation Complexe	Potier	1
Appellation Complexe	Saciifice	1
Appellation Complexe	Scènes	1
Appellation Complexe	Thétis	1
Appellation Complexe	aryballe	1
Appellation Complexe	aryballes	1
Appellation Complexe	aryballesen	1
Appellation Complexe	L'Hercule	1
Appellation Complexe	consacrer	1
Appellation Complexe	Cacus	1
Appellation Complexe	PANDÉMIUS	1
Appellation Complexe	Apollonius	1
Appellation Complexe	Astiag	1
Appellation Complexe	Doryclidas	1
Appellation Complexe	Esculape	1
Appellation Complexe	MACÉDON	1
Appellation Complexe	MAMMURIUS	1
Appellation Complexe	MICCION	1
Appellation Complexe	MUSUS	1
Appellation Complexe	MYAGRUS	1
Appellation Complexe	MYRON	1
Appellation Complexe	MÉNESTRATE	1
Appellation Complexe	MÉNODORE	1
Appellation Complexe	MÉNODOTE	1
Appellation Complexe	MÉNOGÈNES	1
Appellation Complexe	MÉNOPHANTE	1
Appellation Complexe	MÉNÉLAS	1
Appellation Complexe	MÉTRODORE	1
Appellation Complexe	Ménodore	1
Appellation Complexe	NAUCÉRUS	1
Appellation Complexe	NICIAS	1
Appellation Complexe	NICODAMUS	1
Appellation Complexe	OLYMPIOSTHÈNE	1
Appellation Complexe	OLYMPUS	1
Appellation Complexe	ONASSIMÉDÈS	1
Appellation Complexe	ONÆTHUS	1
Appellation Complexe	OPHÉLION	1
Appellation Complexe	PA	1
Appellation Complexe	trépieds	1
Appellation Complexe	aux	1
Appellation Complexe	Sostrate	1
Appellation Complexe	HÉRODOTE	1
Appellation Complexe	GLAUCIAS	1
Appellation Complexe	GLAUCIDÈS	1
Appellation Complexe	GLAUCUS	1
Appellation Complexe	GLYCON	1
Appellation Complexe	GOMPHUS	1
Appellation Complexe	HELIODORE	1
Appellation Complexe	HERMOGÈNE	1
Appellation Complexe	HICANUS	1
Appellation Complexe	HIPPATODORE	1
Appellation Complexe	HIPPIAS	1
Appellation Complexe	HÉGÉSIAS	1
Appellation Complexe	HÉRACLIUS	1
Appellation Complexe	INGENUUS	1
Appellation Complexe	LÉOCRATES	1
Appellation Complexe	ISIDORE	1
Appellation Complexe	ISIGONE	1
Appellation Complexe	LAPHAÈS	1
Appellation Complexe	LESBOTHÉMIS	1
Appellation Complexe	LOCRUS	1
Appellation Complexe	LOPHON	1
Appellation Complexe	LYCIUS	1
Appellation Complexe	LYSIAS	1
Appellation Complexe	LYSON	1
Appellation Complexe	LYSUS	1
Appellation Complexe	LÉARQUE	1
Appellation Complexe	LÉOCHARÈS	1
Appellation Complexe	PAMPHILE	1
Appellation Complexe	PANTIAS	1
Appellation Complexe	STEPHANUS	1
Appellation Complexe	PATROCLE	1
Appellation Complexe	PYROMAQUE	1
Appellation Complexe	PYRRHUS	1
Appellation Complexe	PYTHAGORE	1
Appellation Complexe	PYTHIS	1
Appellation Complexe	PYTHODORE	1
Appellation Complexe	PÉRICLYMÈNE	1
Appellation Complexe	PÉRILLE	1
Appellation Complexe	Victoire	1
Appellation Complexe	emple	1
Appellation Complexe	hermaphrodite	1
Appellation Complexe	travailla	1
Appellation Complexe	vaches	1
Appellation Complexe	Jocaste	1
Appellation Complexe	RUPIUS	1
Appellation Complexe	SALPION	1
Appellation Complexe	SAMOLAS	1
Appellation Complexe	SARAMBUS	1
Appellation Complexe	SCYMN	1
Appellation Complexe	SIM	1
Appellation Complexe	SIMENUS	1
Appellation Complexe	SIMMIAS	1
Appellation Complexe	SIMON	1
Appellation Complexe	SMILIS	1
Appellation Complexe	SOCLOS	1
Appellation Complexe	SOSI	1
Appellation Complexe	SOSIBIOS	1
Appellation Complexe	SOSICLÈS	1
Appellation Complexe	PYRILAMPÈS	1
Appellation Complexe	PYGMALION	1
Appellation Complexe	PTOLICHUS	1
Appellation Complexe	PISTILLUS	1
Appellation Complexe	PETROS	1
Appellation Complexe	PHI	1
Appellation Complexe	PHILISCUS	1
Appellation Complexe	PHILOMÈNE	1
Appellation Complexe	PHILON	1
Appellation Complexe	PHILONICUS	1
Appellation Complexe	PHILÉAS	1
Appellation Complexe	PHILÉTUS	1
Appellation Complexe	PHRADMON	1
Appellation Complexe	PHYROMAQUE	1
Appellation Complexe	PHiEDIM	1
Appellation Complexe	PISIAS	1
Appellation Complexe	PISTON	1
Appellation Complexe	PRISCILLA	1
Appellation Complexe	PITHANDRE	1
Appellation Complexe	PJEONIUS	1
Appellation Complexe	PLOCAMUS	1
Appellation Complexe	POLIS	1
Appellation Complexe	POLYCHARME	1
Appellation Complexe	POLYCLÈTE	1
Appellation Complexe	POLYCRATE	1
Appellation Complexe	POLYEUCTE	1
Appellation Complexe	POLYSTRATE	1
Appellation Complexe	POLYTIMUS	1
Appellation Complexe	POSIDONIUS	1
Appellation Complexe	POTHINUS	1
Appellation Complexe	GITIADAS	1
Appellation Complexe	regarde	1
Appellation Complexe	exécuta	1
Appellation Complexe	chasseurs	1
Appellation Complexe	ARISTOMÉDON	1
Appellation Complexe	ARISTON	1
Appellation Complexe	ARISTONIDAS	1
Appellation Complexe	ARISTONUS	1
Appellation Complexe	ARISTOTE	1
Appellation Complexe	ARTEMON	1
Appellation Complexe	ASCARUS	1
Appellation Complexe	ATTALUS	1
Appellation Complexe	ATTICIANUS	1
Appellation Complexe	AULANIUS	1
Appellation Complexe	AULUS	1
Appellation Complexe	Alcamènes	1
Appellation Complexe	BATHYCLÈS	1
Appellation Complexe	BATTON	1
Appellation Complexe	BROTÉAS	1
Appellation Complexe	BRYAXIS	1
Appellation Complexe	BYZÈS	1
Appellation Complexe	CALAMIS	1
Appellation Complexe	CALLICLÈS	1
Appellation Complexe	CALLIMAQUE	1
Appellation Complexe	CALLISTONICUS	1
Appellation Complexe	CALLITELÈS	1
Appellation Complexe	CALLON	1
Appellation Complexe	CALYNTHUS	1
Appellation Complexe	CANACH	1
Appellation Complexe	CANTHARE	1
Appellation Complexe	CAPHISIAS	1
Appellation Complexe	ARISTOMÈDE	1
Appellation Complexe	ARISTOGITON	1
Appellation Complexe	ARISTODÈME	1
Appellation Complexe	AMPHICRATES	1
Appellation Complexe	ACESTOR	1
Appellation Complexe	ADAMAS	1
Appellation Complexe	AGASIAS	1
Appellation Complexe	AGATHOCLÈS	1
Appellation Complexe	AGORACRITE	1
Appellation Complexe	AGÉLADAS	1
Appellation Complexe	AGÉSANDRE	1
Appellation Complexe	ALCON	1
Appellation Complexe	ALTIMUS	1
Appellation Complexe	ALYPUS	1
Appellation Complexe	ALÉVAS	1
Appellation Complexe	AMMONIUS	1
Appellation Complexe	AMPHISTRATE	1
Appellation Complexe	ARISTOCLËS	1
Appellation Complexe	AMYCLiEUS	1
Appellation Complexe	ANAXAGORE	1
Appellation Complexe	ANAXIMÈNE	1
Appellation Complexe	ANDAAGORAS	1
Appellation Complexe	ANDROBULE	1
Appellation Complexe	ANDRON	1
Appellation Complexe	ANGÉLION	1
Appellation Complexe	ANTIOCHUS	1
Appellation Complexe	ANTÉNOR	1
Appellation Complexe	ARCHIDAMUS	1
Appellation Complexe	ARGUS	1
Appellation Complexe	ARISTEAS	1
Appellation Complexe	CENCHRAMIS	1
Appellation Complexe	CEPHIS	1
Appellation Complexe	CHARÈS	1
Appellation Complexe	DÉMÉTRIUS	1
Appellation Complexe	DIOGÈNE	1
Appellation Complexe	DIONYSI	1
Appellation Complexe	DIONYSIC	1
Appellation Complexe	DIONYSIUS	1
Appellation Complexe	DONTAS	1
Appellation Complexe	DOROTHÉE	1
Appellation Complexe	DOTE	1
Appellation Complexe	DyENÈS	1
Appellation Complexe	DÆMON	1
Appellation Complexe	DÈS	1
Appellation Complexe	DÉDALE	1
Appellation Complexe	DÉMOCRITE	1
Appellation Complexe	ENTOCH	1
Appellation Complexe	DIADUMÉNUS	1
Appellation Complexe	EPIGONE	1
Appellation Complexe	EPÉUS	1
Appellation Complexe	ERATON	1
Appellation Complexe	EUBIUS	1
Appellation Complexe	EUBULIDE	1
Appellation Complexe	EUCHIR	1
Appellation Complexe	EUCLIDE	1
Appellation Complexe	EUELPISTLS	1
Appellation Complexe	EUMNESTUS	1
Appellation Complexe	EUTYCHÈS	1
Appellation Complexe	EUTÉLIDAS	1
Appellation Complexe	Hérœum	1
Appellation Complexe	DIODOTE	1
Appellation Complexe	DEDALE	1
Appellation Complexe	CHIMARUS	1
Appellation Complexe	Némésis	1
Appellation Complexe	CHIONIS	1
Appellation Complexe	CHRYSOTHÉMIS	1
Appellation Complexe	CLÉON	1
Appellation Complexe	COLOTÈS	1
Appellation Complexe	COPONIUS	1
Appellation Complexe	COSSOTIUS	1
Appellation Complexe	CRATINUS	1
Appellation Complexe	CRITON	1
Appellation Complexe	CRÉSILAS	1
Appellation Complexe	CTÉSIAS	1
Appellation Complexe	CTÉSICLÈS	1
Appellation Complexe	CÉPHISODORE	1
Appellation Complexe	Pausariias	1
Appellation Complexe	DAÏPH	1
Appellation Complexe	Venus	1
Appellation Complexe	centaures	1
Appellation Complexe	d'après	1
Appellation Complexe	désigne	1
Appellation Complexe	exécuter	1
Appellation Complexe	iETlON	1
Appellation Complexe	l'Anathema	1
Appellation Complexe	nfant	1
Appellation Complexe	tète	1
Appellation Complexe	DACTYLDÈS	1
Appellation Complexe	DAIPPE	1
Appellation Complexe	DAMOPHORE	1
Appellation Complexe	SOSTRATE	1
Appellation Complexe	STIPAX	1
Appellation Complexe	Éléphant	1
Appellation Complexe	L'Apollon	1
Appellation Complexe	sacrifice	1
Appellation Complexe	son	1
Appellation Complexe	tragédien	1
Appellation Complexe	transporta	1
Appellation Complexe	Tombeau	1
Appellation Complexe	Apollons	1
Appellation Complexe	C'est	1
Appellation Complexe	HéraKiôn	1
Appellation Complexe	antique	1
Appellation Complexe	frontons	1
Appellation Complexe	trouvé	1
Appellation Complexe	Mariage	1
Appellation Complexe	Héraklès	1
Appellation Complexe	Képhisos	1
Appellation Complexe	Marsyas	1
Appellation Complexe	Niké	1
Appellation Complexe	Parthénos	1
Appellation Complexe	représentaient	1
Appellation Complexe	sculpteur	1
Appellation Complexe	Olympien	1
Appellation Complexe	gladiateur	1
Appellation Complexe	prétendu	1
Appellation Complexe	Hermérotes	1
Appellation Complexe	Appiades	1
Appellation Complexe	Bonne	1
Appellation Complexe	Centaures	1
Appellation Complexe	Hécube	1
Appellation Complexe	raisins	1
Appellation Complexe	que	1
Appellation Complexe	ongue	1
Appellation Complexe	Scylla	1
Appellation Complexe	Lanuvium	1
Appellation Complexe	Léon	1
Appellation Complexe	Léontiscus	1
Appellation Complexe	M	1
Appellation Complexe	Mère	1
Appellation Complexe	Néalcès	1
Appellation Complexe	Néarque	1
Appellation Complexe	Némée	1
Appellation Complexe	Oenias	1
Appellation Complexe	Pausias	1
Appellation Complexe	Phalérion	1
Appellation Complexe	Posis	1
Appellation Complexe	Ses	1
Appellation Complexe	guerre	1
Appellation Complexe	Simonide	1
Appellation Complexe	Simus	1
Appellation Complexe	Sthephanopolis	1
Appellation Complexe	Tauriscus	1
Appellation Complexe	Thamyras	1
Appellation Complexe	Théon	1
Appellation Complexe	Timarète	1
Appellation Complexe	Timomaque	1
Appellation Complexe	Turianus	1
Appellation Complexe	beaux	1
Appellation Complexe	catagraphes	1
Appellation Complexe	devant	1
Appellation Complexe	I'Océan	1
Appellation Complexe	Pergame	1
Appellation Complexe	STRATON	1
Appellation Complexe	Polycharme	1
Appellation Complexe	Hippolyte	1
Appellation Complexe	Rhylon	1
Appellation Complexe	Terre	1
Appellation Complexe	Tirelire	1
Appellation Complexe	figurines	1
Appellation Complexe	Amazonomachie	1
Appellation Complexe	Centauromachie	1
Appellation Complexe	Méduse	1
Appellation Complexe	sa	1
Appellation Complexe	Acropole	1
Appellation Complexe	peintres	1
Appellation Complexe	uet	1
Appellation Complexe	Masques	1
Appellation Complexe	Scarabée	1
Appellation Complexe	copie	1
Appellation Complexe	Camée	1
Appellation Complexe	Mus	1
Appellation Complexe	Bellérophon	1
Appellation Complexe	Gravelle	1
Appellation Complexe	Isis	1
Appellation Complexe	Cristal	1
Appellation Complexe	dit	1
Appellation Complexe	Julien	1
Appellation Complexe	camées	1
Appellation Complexe	HCornaline	1
Appellation Complexe	Serapis	1
Appellation Complexe	apparenté	1
Appellation Complexe	Hercynie	1
Appellation Complexe	Hecube	1
Appellation Complexe	Groupe	1
Appellation Complexe	Scyphus	1
Appellation Complexe	Sosus	1
Appellation Complexe	Tibère	1
Appellation Complexe	Vesta	1
Appellation Complexe	Zéthus	1
Appellation Complexe	dédié	1
Appellation Complexe	l'historien	1
Appellation Complexe	lionne	1
Appellation Complexe	vu	1
Appellation Complexe	Ces	1
Appellation Complexe	Ext	1
Appellation Complexe	Icarius	1
Appellation Complexe	Quelques	1
Appellation Complexe	reconnu	1
Appellation Complexe	FIGURINES	1
Appellation Complexe	Diomède	1
Appellation Complexe	F	1
Appellation Complexe	Frise	1
Appellation Complexe	Hrdrie	1
Appellation Complexe	figures	1
Appellation Complexe	groupes	1
Appellation Complexe	premier	1
Appellation Complexe	scarabée	1
Appellation Complexe	Aurore	1
Appellation Complexe	Calydon	1
Appellation Complexe	Cet	1
Appellation Complexe	Cyathus	1
Appellation Complexe	Irène	1
Appellation Complexe	Hippus	1
Appellation Complexe	Habron	1
Appellation Complexe	Cratinus	1
Appellation Complexe	statuetteHauteur149	1
Appellation Complexe	Papposilène	1
Appellation Complexe	dérivé	1
Appellation Complexe	ressemble	1
Appellation Complexe	modèles	1
Appellation Complexe	superbe	1
Appellation Complexe	Antinoüs_Braschi_	1
Appellation Complexe	Antinoüs_du_Belvédère	1
Appellation Complexe	Lantin1	1
Appellation Complexe	ermettent	1
Appellation Complexe	identifiée	1
Appellation Complexe	interprétée	1
Appellation Complexe	Vénus_callipyge	1
Appellation Complexe	venus	1
Appellation Complexe	casque	1
Appellation Complexe	Daippus	1
Appellation Complexe	Antignote	1
Appellation Complexe	Antimaque	1
Appellation Complexe	Apellas	1
Appellation Complexe	Apollodore	1
Appellation Complexe	Aristodème	1
Appellation Complexe	Baton	1
Appellation Complexe	Boethus	1
Appellation Complexe	Canachus	1
Appellation Complexe	Castor	1
Appellation Complexe	Chaeréas	1
Appellation Complexe	Chalcosthénès	1
Appellation Complexe	sauroctone1	1
Appellation Complexe	Cleveland	1
Appellation Complexe	trois	1
Appellation Complexe	TIMARCHIDE	1
Appellation Complexe	SYNNOON	1
Appellation Complexe	TECTÉE	1
Appellation Complexe	TENICHOS	1
Appellation Complexe	TERTULLI	1
Appellation Complexe	THALATIO	1
Appellation Complexe	THRASYMÈDE	1
Appellation Complexe	THYMLUS	1
Appellation Complexe	THÉODORE	1
Appellation Complexe	THÉOMNESTE	1
Appellation Complexe	THÉOPROPUS	1
Appellation Complexe	THÉOSCOME	1
Appellation Complexe	THÉRON	1
Appellation Complexe	TIMON	1
Appellation Complexe	ZÉNODORE	1
Appellation Complexe	TIMOTHÉE	1
Appellation Complexe	TISAGORAS	1
Appellation Complexe	TISANDRE	1
Appellation Complexe	TISIAS	1
Appellation Complexe	TISICRATE	1
Appellation Complexe	TITIUS	1
Appellation Complexe	TROPHIMUS	1
Appellation Complexe	TURNUS	1
Appellation Complexe	TÉLÉSIAS	1
Appellation Complexe	XÉNOPHON	1
Appellation Complexe	ZEUXIADE	1
Appellation Complexe	ZÉNAS	1
Appellation Complexe	Colotès	1
Appellation Complexe	Ctésilaüs	1
Appellation Complexe	D'Hégias	1
Appellation Complexe	élevé	1
Appellation Complexe	d'Euphranor	1
Appellation Complexe	d'Hégésias	1
Appellation Complexe	dresser	1
Appellation Complexe	décerna	1
Appellation Complexe	décernèrent	1
Appellation Complexe	fait	1
Appellation Complexe	l'homme	1
Appellation Complexe	l'orateur	1
Appellation Complexe	pentathles	1
Appellation Complexe	qu'à	1
Appellation Complexe	tyrannicides	1
Appellation Complexe	Épigone	1
Appellation Complexe	érigea	1
Appellation Complexe	colosse	1
Appellation Complexe	l'Ialysus	1
Appellation Complexe	Alcimaque	1
Appellation Complexe	Alcisthène	1
Appellation Complexe	Androbius	1
Appellation Complexe	Antidote	1
Appellation Complexe	Antiphile	1
Appellation Complexe	Aristarète	1
Appellation Complexe	Aristide	1
Appellation Complexe	Ariston	1
Appellation Complexe	Bularque	1
Appellation Complexe	Calypso	1
Appellation Complexe	Cassandre	1
Appellation Complexe	concouru	1
Appellation Complexe	cocher	1
Appellation Complexe	Daiphron	1
Appellation Complexe	Naucydès	1
Appellation Complexe	Démétrius	1
Appellation Complexe	Entre	1
Appellation Complexe	Eutychidès	1
Appellation Complexe	Isiditos	1
Appellation Complexe	Janus	1
Appellation Complexe	L'empereur	1
Appellation Complexe	Lionne	1
Appellation Complexe	Lyciscus	1
Appellation Complexe	Lycius	1
Appellation Complexe	Lycus	1
Appellation Complexe	Mancinus	1
Appellation Complexe	Micon	1
Appellation Complexe	Naucérus	1
Appellation Complexe	cinq	1
Appellation Complexe	Phénix	1
Appellation Complexe	Pyrrhus	1
Appellation Complexe	Silanion	1
Appellation Complexe	Simon	1
Appellation Complexe	Splanchnoptès	1
Appellation Complexe	Sthennis	1
Appellation Complexe	Strongylion	1
Appellation Complexe	Styppax	1
Appellation Complexe	Séleucus	1
Appellation Complexe	boeuf	1
Appellation Complexe	celle	1
Appellation Complexe	chien	1
Appellation Complexe	patènes	1
Appellation Courte	la	180
Appellation Courte	un	117
Appellation Courte	une	110
Appellation Courte	le	64
Appellation Courte	les	32
Appellation Courte	La	23
Appellation Courte	ce	19
Appellation Courte	son	18
Appellation Courte	du	16
Appellation Courte	cette	15
Appellation Courte	l'Arlésienne	15
Appellation Courte	l'Aphrodite	15
Appellation Courte	Le	14
Appellation Courte	des	13
Appellation Courte	leur	12
Appellation Courte	l'Anguipède	12
Appellation Courte	Y	12
Appellation Courte	l'Hercule	9
Appellation Courte	sa	9
Appellation Courte	de	8
Appellation Courte	l'Apollon	7
Appellation Courte	TROIS	6
Appellation Courte	Une	6
Appellation Courte	Bacchus	6
Appellation Courte	Les	5
Appellation Courte	L'omphalos	5
Appellation Courte	cet	5
Appellation Courte	Un	5
Appellation Courte	V	5
Appellation Courte	Vénus	4
Appellation Courte	Apollon	4
Appellation Courte	Hercule	4
Appellation Courte	l	4
Appellation Courte	Bacchante	4
Appellation Courte	l'omphalos	4
Appellation Courte	Aphrodite	3
Appellation Courte	Moschophore	3
Appellation Courte	Son	3
Appellation Courte	Éros	3
Appellation Courte	L'Apollon	3
Appellation Courte	Cette	3
Appellation Courte	Télesphore	3
Appellation Courte	l'Athéna	3
Appellation Courte	l'antique	3
Appellation Courte	LA	3
Appellation Courte	Muse	2
Appellation Courte	Dioscure	2
Appellation Courte	Minerve	2
Appellation Courte	Béesse	2
Appellation Courte	L'Hercule	2
Appellation Courte	Hélène	2
Appellation Courte	Esculape	2
Appellation Courte	Abondance	2
Appellation Courte	Vulcain	2
Appellation Courte	Fortune	2
Appellation Courte	Victoire	2
Appellation Courte	Mercure	2
Appellation Courte	Néréide	2
Appellation Courte	Yomphalos	2
Appellation Courte	Léda	2
Appellation Courte	Pompée	2
Appellation Courte	l'Alexandre	2
Appellation Courte	Tyrannoctones	2
Appellation Courte	Laocoon	2
Appellation Courte	Plutei	2
Appellation Courte	Palladion	2
Appellation Courte	L'Aphrodite	2
Appellation Courte	YHéra	2
Appellation Courte	notre	2
Appellation Courte	L'Athéna	2
Appellation Courte	Germanicus	2
Appellation Courte	ÏApoxyoménos	1
Appellation Courte	L'Adonis	1
Appellation Courte	VÉ	1
Appellation Courte	l'Anadyomène	1
Appellation Courte	VAncée	1
Appellation Courte	Ic	1
Appellation Courte	e	1
Appellation Courte	YApoxyoménos	1
Appellation Courte	l'Eclair	1
Appellation Courte	Trois	1
Appellation Courte	VEubouleus	1
Appellation Courte	l'Athéné	1
Appellation Courte	d'Athéné	1
Appellation Courte	Pamphile	1
Appellation Courte	LK	1
Appellation Courte	YÂphrodite	1
Appellation Courte	LES	1
Appellation Courte	Epona	1
Appellation Courte	Silène	1
Appellation Courte	Scipion	1
Appellation Courte	Pyrrhus	1
Appellation Courte	Ptolémée	1
Appellation Courte	YAnadyomène	1
Appellation Courte	l'iacchos	1
Appellation Courte	Apoxyoménos	1
Appellation Courte	Diadumène	1
Appellation Courte	Plotine	1
Appellation Courte	Anadyomône	1
Appellation Courte	mes	1
Appellation Courte	VHélène	1
Appellation Courte	NARCISSE	1
Appellation Courte	l'Io	1
Appellation Courte	VÉNUS	1
Appellation Courte	Lucille	1
Appellation Courte	Hadrien	1
Appellation Courte	Antonin	1
Appellation Courte	Otus	1
Appellation Courte	L'Osiris	1
Appellation Courte	Doryphore	1
Appellation Courte	nan	1
Appellation Courte	Neptune	1
Appellation Courte	Diane	1
Appellation Courte	l'Ethiopien	1
Appellation Courte	L'hydre	1
Appellation Courte	Ganymèdc	1
Appellation Courte	cetomphalos	1
Appellation Courte	l'Heraclès	1
Appellation Courte	l'Ialysos	1
Appellation Courte	Télesphoros	1
Appellation Courte	l'Ammonias	1
Appellation Courte	l'Anathema	1
Appellation Courte	Numa	1
Appellation Courte	leDiscobole	1
Appellation Courte	Sthephanopolis	1
Appellation Courte	Syngénicon	1
Appellation Courte	héméresios	1
Appellation Courte	l'Ammolade	1
Appellation Courte	l'Ialysus	1
Appellation Courte	l'Iris	1
Appellation Courte	Zeus	1
Appellation Courte	I'Anapauomène	1
Appellation Courte	l'Olympien	1
Appellation Courte	l'amazone	1
Appellation Courte	l'Asarotos	1
Appellation Courte	quatre	1
Appellation Courte	Niké	1
Appellation Courte	Iris	1
Appellation Courte	Stephaneplocos	1
Appellation Courte	Apescopeuon	1
Appellation Courte	Masque	1
Appellation Courte	Pudicité	1
Appellation Courte	YApoxyomenos	1
Appellation Courte	l'Alexétère	1
Appellation Courte	l'empereur	1
Appellation Courte	d'autres	1
Appellation Courte	L	1
Appellation Courte	l'Antinoüs	1
Appellation Courte	Arlésienne	1
Appellation Courte	Anapauomenos	1
Appellation Courte	L'Arlésienne	1
Appellation Courte	généalogique	1
Appellation Courte	Periboetos	1
Appellation Courte	l'Apoxyomène	1
Appellation Courte	l'Autolycus	1
Appellation Courte	tyrannicides	1
Appellation Courte	Ganymède	1
Appellation Courte	Thésée	1
Appellation Courte	L'Amour	1
Appellation Courte	Cicéron	1
Appellation Courte	Philosophe	1
Appellation Courte	Sappho	1
Appellation Courte	L'Omphale	1
Appellation Courte	Serapis	1
Appellation Courte	Albin	1
Appellation Courte	Biane	1
Appellation Courte	Crispine	1
Appellation Courte	L'initiation	1
Appellation Courte	Crispus	1
Appellation Courte	Déesse	1
Appellation Courte	Faustine	1
Appellation Courte	Hésiode	1
Appellation Courte	Juba	1
Appellation Courte	Jupiter	1
Appellation Courte	Mucius	1
Appellation Courte	Lucrèce	1
Appellation Courte	Isis	1
Appellation Courte	Discobole	1
Appellation Courte	Bacchant	1
Appellation Courte	Sérapis	1
Appellation Courte	Saturne	1
Appellation Courte	Lunus	1
Appellation Courte	Hygie	1
Appellation Courte	Curtius	1
Appellation Courte	Cavalier	1
Appellation Courte	lePalladium	1
Appellation Courte	Mars	1
Appellation Courte	Commode	1
Appellation Courte	Canope	1
Appellation Courte	Ariane	1
Appellation Courte	Danse	1
Appellation Courte	deux	1
Appellation Enrichie	célèbre	19
Appellation Enrichie	statue	17
Appellation Enrichie	Aphrodite	16
Appellation Enrichie	belle	10
Appellation Enrichie	fameux	10
Appellation Enrichie	fameuse	8
Appellation Enrichie	groupe	6
Appellation Enrichie	Tête	6
Appellation Enrichie	beau	6
Appellation Enrichie	le	5
Appellation Enrichie	dite	5
Appellation Enrichie	Vénus	5
Appellation Enrichie	Apollon	5
Appellation Enrichie	tête	4
Appellation Enrichie	sous	4
Appellation Enrichie	dit	3
Appellation Enrichie	qu'on	3
Appellation Enrichie	prétendue	3
Appellation Enrichie	connu	3
Appellation Enrichie	prétendu	3
Appellation Enrichie	Korè	3
Appellation Enrichie	nommé	2
Appellation Enrichie	son	2
Appellation Enrichie	superbe	2
Appellation Enrichie	Minerve	2
Appellation Enrichie	une	2
Appellation Enrichie	un	2
Appellation Enrichie	statues	2
Appellation Enrichie	très	2
Appellation Enrichie	trésor	2
Appellation Enrichie	pyxis	2
Appellation Enrichie	Jupiter	2
Appellation Enrichie	Hercule	2
Appellation Enrichie	portrait	2
Appellation Enrichie	Athéna	2
Appellation Enrichie	admirable	2
Appellation Enrichie	jolie	2
Appellation Enrichie	magnifique	2
Appellation Enrichie	la	2
Appellation Enrichie	Éros	2
Appellation Enrichie	portraits	1
Appellation Enrichie	Peitho	1
Appellation Enrichie	VAplirodile	1
Appellation Enrichie	égorgeant	1
Appellation Enrichie	Hésione	1
Appellation Enrichie	figure	1
Appellation Enrichie	combattant	1
Appellation Enrichie	Hypnos	1
Appellation Enrichie	Thanatos	1
Appellation Enrichie	hmeux	1
Appellation Enrichie	lamentation	1
Appellation Enrichie	Convoi	1
Appellation Enrichie	Artémis	1
Appellation Enrichie	guerriers	1
Appellation Enrichie	surnomma	1
Appellation Enrichie	splendide	1
Appellation Enrichie	qualifié	1
Appellation Enrichie	importante	1
Appellation Enrichie	vase	1
Appellation Enrichie	donnent	1
Appellation Enrichie	soi	1
Appellation Enrichie	colonnedite	1
Appellation Enrichie	colonne	1
Appellation Enrichie	cet	1
Appellation Enrichie	surnom	1
Appellation Enrichie	personnage	1
Appellation Enrichie	appelée	1
Appellation Enrichie	connus	1
Appellation Enrichie	Kouros	1
Appellation Enrichie	Kouroi	1
Appellation Enrichie	Jumeaux	1
Appellation Enrichie	type	1
Appellation Enrichie	aphrodite	1
Appellation Enrichie	nommée	1
Appellation Enrichie	remarquable	1
Appellation Enrichie	fronton	1
Appellation Enrichie	réplique	1
Appellation Enrichie	petites	1
Appellation Enrichie	Héraklès	1
Appellation Enrichie	Europe	1
Appellation Enrichie	tableau	1
Appellation Enrichie	gaine	1
Appellation Enrichie	Orphée	1
Appellation Enrichie	Faustine	1
Appellation Enrichie	plus	1
Appellation Enrichie	désignée	1
Appellation Enrichie	dénommée	1
Appellation Enrichie	Arkliigalle	1
Appellation Enrichie	Amazone	1
Appellation Enrichie	assemblée	1
Appellation Enrichie	Sthephanopolis	1
Appellation Enrichie	Stephaneplocos	1
Appellation Enrichie	Apescopeuon	1
Appellation Enrichie	Anapauomène	1
Appellation Enrichie	surnomment	1
Appellation Enrichie	pentathle	1
Appellation Enrichie	on	1
Appellation Enrichie	l'Autolycus	1
Appellation Enrichie	Lionne	1
Appellation Enrichie	Antinoüs	1
Appellation Enrichie	HéraKiôn	1
Appellation Enrichie	Hermès	1
Appellation Enrichie	amazone	1
Appellation Enrichie	l'Alexétère	1
Appellation Enrichie	Satyre	1
Appellation Enrichie	Doryphore	1
Appellation Enrichie	Diadumène	1
Appellation Enrichie	Astiag	1
Appellation Enrichie	Apnxyúmènos	1
Appellation Enrichie	YApoxyomenos	1
Appellation Enrichie	portaient	1
Appellation Enrichie	vénus	1
Appellation Enrichie	HéraSanis	1
Appellation Enrichie	dieu	1
Appellation Enrichie	Elagabal	1
Appellation Enrichie	César	1
Appellation Enrichie	copie	1
Appellation Enrichie	Athlète	1
Appellation Enrichie	Isis	1
Appellation Enrichie	Guerrier	1
Appellation Enrichie	Grenat	1
Appellation Enrichie	Deucalion	1
Appellation Enrichie	Chasseur	1
Appellation Enrichie	Agathe	1
Appellation Enrichie	autrefois	1
Appellation Enrichie	Groupe	1
Appellation Enrichie	buste	1
Appellation Enrichie	Prétendu	1
Appellation Enrichie	Cornaline	1
Appellation Enrichie	d'où	1
Appellation Enrichie	est	1
Appellation Enrichie	Asarotos	1
Appellation Enrichie	Zeus	1
Appellation Enrichie	Pseudo	1
Appellation Enrichie	précieux	1
Appellation Enrichie	dites	1
Appellation Enrichie	connue	1
Appellation Enrichie	célèbres	1
Appellation Structuree	Cornaline	605
Appellation Structuree	Vénus	424
Appellation Structuree	statue	342
Appellation Structuree	Agate	194
Appellation Structuree	Jaspe	184
Appellation Structuree	Aphrodite	170
Appellation Structuree	Apollon	150
Appellation Structuree	Tête	120
Appellation Structuree	statues	111
Appellation Structuree	Onyx	78
Appellation Structuree	tête	60
Appellation Structuree	Athéna	54
Appellation Structuree	Calcédoine	54
Appellation Structuree	Améthyste	51
Appellation Structuree	vase	51
Appellation Structuree	Camée	49
Appellation Structuree	type	47
Appellation Structuree	Prime	47
Appellation Structuree	Sardonyx	41
Appellation Structuree	Kouros	39
Appellation Structuree	Stèle	37
Appellation Structuree	groupe	33
Appellation Structuree	Buste	32
Appellation Structuree	portrait	31
Appellation Structuree	tableau	30
Appellation Structuree	stèle	29
Appellation Structuree	représentation	28
Appellation Structuree	Zeus	27
Appellation Structuree	Jupiter	26
Appellation Structuree	kouros	26
Appellation Structuree	Diane	24
Appellation Structuree	portraits	23
Appellation Structuree	figure	21
Appellation Structuree	Kypris	21
Appellation Structuree	Statue	20
Appellation Structuree	fronton	20
Appellation Structuree	image	20
Appellation Structuree	Antinoüs	19
Appellation Structuree	base	18
Appellation Structuree	œuvre	18
Appellation Structuree	buste	18
Appellation Structuree	statuette	17
Appellation Structuree	Hyacinthe	17
Appellation Structuree	GRANDE	17
Appellation Structuree	Hercule	16
Appellation Structuree	frise	16
Appellation Structuree	Hermès	16
Appellation Structuree	coupe	16
Appellation Structuree	copie	15
Appellation Structuree	Artémis	14
Appellation Structuree	Pâte	13
Appellation Structuree	Grenat	13
Appellation Structuree	Gaulois	13
Appellation Structuree	Minerve	12
Appellation Structuree	Amour	12
Appellation Structuree	figures	12
Appellation Structuree	Éros	11
Appellation Structuree	représentations	11
Appellation Structuree	Pierres	11
Appellation Structuree	Taureau	11
Appellation Structuree	Aphrodites	11
Appellation Structuree	amphore	11
Appellation Structuree	korè	11
Appellation Structuree	Saphir	10
Appellation Structuree	korai	10
Appellation Structuree	Base	10
Appellation Structuree	KORAI	10
Appellation Structuree	PIERRES	10
Appellation Structuree	RÉPLIQUE	9
Appellation Structuree	marbres	9
Appellation Structuree	cheval	9
Appellation Structuree	Cippe	9
Appellation Structuree	réplique	8
Appellation Structuree	Héra	8
Appellation Structuree	Déesse	8
Appellation Structuree	cratère	8
Appellation Structuree	Alexandre	8
Appellation Structuree	Korè	8
Appellation Structuree	tableaux	8
Appellation Structuree	torse	8
Appellation Structuree	Dame	7
Appellation Structuree	Dionysos	7
Appellation Structuree	Kijpris	7
Appellation Structuree	KYPRIS	7
Appellation Structuree	Athlète	7
Appellation Structuree	marbre	7
Appellation Structuree	bouclier	7
Appellation Structuree	Bacchus	7
Appellation Structuree	Sauroctone	7
Appellation Structuree	œuvres	7
Appellation Structuree	Fragment	7
Appellation Structuree	table	7
Appellation Structuree	la	7
Appellation Structuree	Mercure	7
Appellation Structuree	Venus	7
Appellation Structuree	Cupidon	7
Appellation Structuree	bas	6
Appellation Structuree	moulage	6
Appellation Structuree	vases	6
Appellation Structuree	vénus	6
Appellation Structuree	Némésis	6
Appellation Structuree	statuettes	6
Appellation Structuree	têtes	6
Appellation Structuree	taureau	6
Appellation Structuree	grande	6
Appellation Structuree	colonne	6
Appellation Structuree	Topaze	6
Appellation Structuree	Athena	6
Appellation Structuree	copies	6
Appellation Structuree	Monnaie	6
Appellation Structuree	bustes	6
Appellation Structuree	Tète	5
Appellation Structuree	peintures	5
Appellation Structuree	autel	5
Appellation Structuree	Torse	5
Appellation Structuree	Guerrier	5
Appellation Structuree	oenochoé	5
Appellation Structuree	stèles	5
Appellation Structuree	métopes	5
Appellation Structuree	ex	5
Appellation Structuree	peinture	5
Appellation Structuree	Groupe	5
Appellation Structuree	athlète	5
Appellation Structuree	coupes	5
Appellation Structuree	Anaglyphes	5
Appellation Structuree	Portrait	5
Appellation Structuree	Sarcophage	5
Appellation Structuree	Aiguë	4
Appellation Structuree	images	4
Appellation Structuree	sphinx	4
Appellation Structuree	Cheval	4
Appellation Structuree	VASES	4
Appellation Structuree	aryballe	4
Appellation Structuree	Bas	4
Appellation Structuree	Faustine	4
Appellation Structuree	Grand	4
Appellation Structuree	Auguste	4
Appellation Structuree	oeuvre	4
Appellation Structuree	Vase	4
Appellation Structuree	Lapis	4
Appellation Structuree	plaque	4
Appellation Structuree	groupes	4
Appellation Structuree	Copie	4
Appellation Structuree	une	4
Appellation Structuree	Mars	4
Appellation Structuree	Victoire	4
Appellation Structuree	Statuette	4
Appellation Structuree	kouroi	4
Appellation Structuree	bouc	4
Appellation Structuree	Coupe	4
Appellation Structuree	Kouroi	4
Appellation Structuree	frontons	4
Appellation Structuree	colosse	4
Appellation Structuree	La	4
Appellation Structuree	Satyre	3
Appellation Structuree	Ariane	3
Appellation Structuree	Arès	3
Appellation Structuree	imitation	3
Appellation Structuree	pierres	3
Appellation Structuree	dessins	3
Appellation Structuree	sarcophage	3
Appellation Structuree	Athéné	3
Appellation Structuree	Vulcain	3
Appellation Structuree	Jumeaux	3
Appellation Structuree	Achille	3
Appellation Structuree	Noces	3
Appellation Structuree	HCornaline	3
Appellation Structuree	camée	3
Appellation Structuree	guerrier	3
Appellation Structuree	Parthénos	3
Appellation Structuree	prétendu	3
Appellation Structuree	Prétendu	3
Appellation Structuree	Esculape	3
Appellation Structuree	motif	3
Appellation Structuree	colonnes	3
Appellation Structuree	frises	3
Appellation Structuree	Agathe	3
Appellation Structuree	tète	3
Appellation Structuree	Cabinet	3
Appellation Structuree	Bustes	3
Appellation Structuree	Pallas	3
Appellation Structuree	Agale	3
Appellation Structuree	métope	3
Appellation Structuree	Sphinx	3
Appellation Structuree	Cristal	3
Appellation Structuree	Sirène	3
Appellation Structuree	Hélène	3
Appellation Structuree	Calomnie	3
Appellation Structuree	vaches	3
Appellation Structuree	Mus	3
Appellation Structuree	YAthéna	3
Appellation Structuree	Niké	3
Appellation Structuree	moulages	3
Appellation Structuree	Fanciulla	3
Appellation Structuree	L'Aphrodite	3
Appellation Structuree	Suppliante	3
Appellation Structuree	Scène	3
Appellation Structuree	génisse	3
Appellation Structuree	YHéra	3
Appellation Structuree	deux	3
Appellation Structuree	Jugement	3
Appellation Structuree	HÉRACLÈS	3
Appellation Structuree	korê	3
Appellation Structuree	ligne	3
Appellation Structuree	Héraclès	3
Appellation Structuree	Héraklès	3
Appellation Structuree	Combat	3
Appellation Structuree	PORTRAITS	3
Appellation Structuree	Diadumène	3
Appellation Structuree	LIGNE	3
Appellation Structuree	Musée	3
Appellation Structuree	Moulage	3
Appellation Structuree	Lucius	2
Appellation Structuree	chèvre	2
Appellation Structuree	Cybèle	2
Appellation Structuree	Pierre	2
Appellation Structuree	Persée	2
Appellation Structuree	DÉPART	2
Appellation Structuree	Bœuf	2
Appellation Structuree	Amphore	2
Appellation Structuree	coffre	2
Appellation Structuree	lion	2
Appellation Structuree	bronze	2
Appellation Structuree	loup	2
Appellation Structuree	Juba	2
Appellation Structuree	Lucille	2
Appellation Structuree	Amours	2
Appellation Structuree	socle	2
Appellation Structuree	Eros	2
Appellation Structuree	Muse	2
Appellation Structuree	émeraude	2
Appellation Structuree	répliques	2
Appellation Structuree	APHRODITE	2
Appellation Structuree	scène	2
Appellation Structuree	Athénée	2
Appellation Structuree	hydrie	2
Appellation Structuree	médaillon	2
Appellation Structuree	Représentations	2
Appellation Structuree	Αntinοϋs	2
Appellation Structuree	effigies	2
Appellation Structuree	VAplirodile	2
Appellation Structuree	modèle	2
Appellation Structuree	Colosse	2
Appellation Structuree	péliké	2
Appellation Structuree	Le	2
Appellation Structuree	Dieu	2
Appellation Structuree	colossale	2
Appellation Structuree	jumeaux	2
Appellation Structuree	Thétis	2
Appellation Structuree	Psyché	2
Appellation Structuree	kouroï	2
Appellation Structuree	Cachet	2
Appellation Structuree	Éphèbe	2
Appellation Structuree	trône	2
Appellation Structuree	Représentation	2
Appellation Structuree	hermès	2
Appellation Structuree	Anaglypha	2
Appellation Structuree	Cavalier	2
Appellation Structuree	Tychè	2
Appellation Structuree	Relief	2
Appellation Structuree	cylix	2
Appellation Structuree	lékané	2
Appellation Structuree	Bataille	2
Appellation Structuree	quadrige	2
Appellation Structuree	combat	2
Appellation Structuree	Harmodios	2
Appellation Structuree	Neptune	2
Appellation Structuree	tombeau	2
Appellation Structuree	Hébé	2
Appellation Structuree	hermaphrodite	2
Appellation Structuree	petites	2
Appellation Structuree	vache	2
Appellation Structuree	FRONTONS	2
Appellation Structuree	Agrippine	2
Appellation Structuree	original	2
Appellation Structuree	Fronton	2
Appellation Structuree	variante	2
Appellation Structuree	Thésée	2
Appellation Structuree	gravure	2
Appellation Structuree	Ares	2
Appellation Structuree	Arlésienne	2
Appellation Structuree	dame	2
Appellation Structuree	piédestal	2
Appellation Structuree	Gladiateur	2
Appellation Structuree	Les	2
Appellation Structuree	Médée	2
Appellation Structuree	Chrysolite	2
Appellation Structuree	gladiateur	2
Appellation Structuree	plinthe	2
Appellation Structuree	ouvrages	2
Appellation Structuree	Méduse	2
Appellation Structuree	Amphitrite	1
Appellation Structuree	Tableau	1
Appellation Structuree	Andromède	1
Appellation Structuree	ype	1
Appellation Structuree	Annius	1
Appellation Structuree	Aatue	1
Appellation Structuree	leur	1
Appellation Structuree	sacro	1
Appellation Structuree	Aphroditedu	1
Appellation Structuree	iacchos	1
Appellation Structuree	énus	1
Appellation Structuree	efiigie	1
Appellation Structuree	Caelestis	1
Appellation Structuree	l'Hercule	1
Appellation Structuree	Aphroditede	1
Appellation Structuree	satyre	1
Appellation Structuree	Corè	1
Appellation Structuree	Actéon	1
Appellation Structuree	casque	1
Appellation Structuree	cette	1
Appellation Structuree	suppliante	1
Appellation Structuree	dite	1
Appellation Structuree	effigie	1
Appellation Structuree	corai	1
Appellation Structuree	du	1
Appellation Structuree	Amazones	1
Appellation Structuree	VÉNUS	1
Appellation Structuree	huit	1
Appellation Structuree	le	1
Appellation Structuree	Ouraniay	1
Appellation Structuree	Nemesis	1
Appellation Structuree	les	1
Appellation Structuree	Hera	1
Appellation Structuree	reproduction	1
Appellation Structuree	monochromes	1
Appellation Structuree	chien	1
Appellation Structuree	Ulysse	1
Appellation Structuree	Romain	1
Appellation Structuree	Dioscure	1
Appellation Structuree	Admetus	1
Appellation Structuree	Terre	1
Appellation Structuree	Soleil	1
Appellation Structuree	Serapis	1
Appellation Structuree	Septime	1
Appellation Structuree	Saturne	1
Appellation Structuree	Festin	1
Appellation Structuree	jeune	1
Appellation Structuree	Hadrien	1
Appellation Structuree	Pêche	1
Appellation Structuree	Ptolémée	1
Appellation Structuree	Prêtre	1
Appellation Structuree	Orante	1
Appellation Structuree	Marc	1
Appellation Structuree	boeuf	1
Appellation Structuree	ALEXANDRE	1
Appellation Structuree	DIANE	1
Appellation Structuree	FLORA	1
Appellation Structuree	Cyrénaïque	1
Appellation Structuree	TÉLÈPHE	1
Appellation Structuree	TROIS	1
Appellation Structuree	TRITONS	1
Appellation Structuree	Cocher	1
Appellation Structuree	Stabie	1
Appellation Structuree	Répétition	1
Appellation Structuree	Pompéi	1
Appellation Structuree	Corés	1
Appellation Structuree	OCÉAN	1
Appellation Structuree	NOCES	1
Appellation Structuree	NIL	1
Appellation Structuree	Mystacogue	1
Appellation Structuree	Ippolyte	1
Appellation Structuree	HERCULE	1
Appellation Structuree	Figures	1
Appellation Structuree	URANIE	1
Appellation Structuree	sculpture	1
Appellation Structuree	anciens	1
Appellation Structuree	Phayllos	1
Appellation Structuree	idoles	1
Appellation Structuree	chous	1
Appellation Structuree	Palladion	1
Appellation Structuree	sculpteur	1
Appellation Structuree	âne	1
Appellation Structuree	statued'Apollon	1
Appellation Structuree	à	1
Appellation Structuree	reconstitution	1
Appellation Structuree	J	1
Appellation Structuree	colonneaux	1
Appellation Structuree	chevaux	1
Appellation Structuree	bœuf	1
Appellation Structuree	boucliers	1
Appellation Structuree	Scyllis	1
Appellation Structuree	Hécate	1
Appellation Structuree	Pro	1
Appellation Structuree	Autel	1
Appellation Structuree	Heures	1
Appellation Structuree	fragments	1
Appellation Structuree	skyphos	1
Appellation Structuree	FRAGMENT	1
Appellation Structuree	Eubouleus	1
Appellation Structuree	exemplaires	1
Appellation Structuree	centaures	1
Appellation Structuree	Eumachia	1
Appellation Structuree	fragment	1
Appellation Structuree	coré	1
Appellation Structuree	Isis	1
Appellation Structuree	APHRODlTE	1
Appellation Structuree	éphèbes	1
Appellation Structuree	statuede	1
Appellation Structuree	prototype	1
Appellation Structuree	YArtémis	1
Appellation Structuree	VENUS	1
Appellation Structuree	STATUETTE	1
Appellation Structuree	Grâces	1
Appellation Structuree	Τête	1
Appellation Structuree	Ane	1
Appellation Structuree	Nikè	1
Appellation Structuree	Korê	1
Appellation Structuree	l'Apollon	1
Appellation Structuree	Couros	1
Appellation Structuree	Aphrodite_du_Capitole	1
Appellation Structuree	Antinoüs_du_Capitole	1
Appellation Structuree	Peintures	1
Appellation Structuree	aphrodite	1
Appellation Structuree	Hermes	1
Appellation Structuree	Aphrodítê	1
Appellation Structuree	Pinax	1
Appellation Structuree	Ἀφροδίτη	1
Appellation Structuree	Téte	1
Appellation Structuree	Plautille	1
Appellation Structuree	Germinacus	1
Appellation Structuree	animaux	1
Appellation Structuree	Kalagousa	1
Appellation Structuree	Eurotas	1
Appellation Structuree	Léda	1
Appellation Structuree	Praxitèle	1
Appellation Structuree	Apollon_de_Cleveland	1
Appellation Structuree	Dermys	1
Appellation Structuree	Apollo_Sauroktonos	1
Appellation Structuree	koré	1
Appellation Structuree	koraide	1
Appellation Structuree	discophore	1
Appellation Structuree	Platon	1
Appellation Structuree	Genoux	1
Appellation Structuree	Corès	1
Appellation Structuree	amazone	1
Appellation Structuree	Aryballe	1
Appellation Structuree	Apollo_sauroctonus	1
Appellation Structuree	fresque	1
Appellation Structuree	Korai	1
Appellation Structuree	Coré	1
Appellation Structuree	tombe	1
Appellation Structuree	sauroctone	1
Appellation Structuree	title	1
Appellation Structuree	Génie	1
Appellation Structuree	Éros_de_Centocelle	1
Appellation Structuree	Acteur	1
Appellation Structuree	Libation	1
Appellation Structuree	l'escadron	1
Appellation Structuree	trésor	1
Appellation Structuree	A	1
Appellation Structuree	imitations	1
Appellation Structuree	têtedu	1
Appellation Structuree	VAlliéné	1
Appellation Structuree	Sacrifice	1
Appellation Structuree	Galate	1
Appellation Structuree	Niobé	1
Appellation Structuree	Sénèque	1
Appellation Structuree	médaillons	1
Appellation Structuree	Cerf	1
Appellation Structuree	athlètesde	1
Appellation Structuree	chef	1
Appellation Structuree	banquets	1
Appellation Structuree	dieu	1
Appellation Structuree	Sucellus	1
Appellation Structuree	Sanglier	1
Appellation Structuree	Fabricant	1
Appellation Structuree	Callisthène	1
Appellation Structuree	Alexan	1
Appellation Structuree	Apfu'odite	1
Appellation Structuree	Aphro	1
Appellation Structuree	Apliro	1
Appellation Structuree	Kyprisde	1
Appellation Structuree	Kypiis	1
Appellation Structuree	Kyjms	1
Appellation Structuree	Kyims	1
Appellation Structuree	Ky	1
Appellation Structuree	Kjipns	1
Appellation Structuree	Protique	1
Appellation Structuree	Khn	1
Appellation Structuree	Cariatides	1
Appellation Structuree	Image	1
Appellation Structuree	Grâce	1
Appellation Structuree	Fortune	1
Appellation Structuree	Diana	1
Appellation Structuree	Chien	1
Appellation Structuree	pierre	1
Appellation Structuree	portique	1
Appellation Structuree	Aplu	1
Appellation Structuree	en	1
Appellation Structuree	lionne	1
Appellation Structuree	Ligne	1
Appellation Structuree	Thème	1
Appellation Structuree	Centauromachie	1
Appellation Structuree	Frise	1
Appellation Structuree	Turquoise	1
Appellation Structuree	Obsidienne	1
Appellation Structuree	XAiguë	1
Appellation Structuree	Artemis	1
Appellation Structuree	Dinos	1
Appellation Structuree	Louterion	1
Appellation Structuree	petit	1
Appellation Structuree	pugilistes	1
Appellation Structuree	Prétendue	1
Appellation Structuree	Ovide	1
Appellation Structuree	onyx	1
Appellation Structuree	Malachite	1
Appellation Structuree	Gemma	1
Appellation Structuree	Gemme	1
Appellation Structuree	Sirius	1
Appellation Structuree	camées	1
Appellation Structuree	Lampe	1
Appellation Structuree	anneau	1
Appellation Structuree	pâte	1
Appellation Structuree	sardoine	1
Appellation Structuree	xJaspe	1
Appellation Structuree	magnifique	1
Appellation Structuree	lapis	1
Appellation Structuree	célèbre	1
Appellation Structuree	Junon	1
Appellation Structuree	Herméracle	1
Appellation Structuree	Chrysolithe	1
Appellation Structuree	Aigue	1
Appellation Structuree	xHyacinlhe	1
Appellation Structuree	xAméthyste	1
Appellation Structuree	ouvrage	1
Appellation Structuree	quatre	1
Appellation Structuree	grand	1
Appellation Structuree	sa	1
Appellation Structuree	Nymphes	1
Appellation Structuree	Bacchante	1
Appellation Structuree	sardonyx	1
Appellation Structuree	Vache	1
Appellation Structuree	Stéle	1
Appellation Structuree	Cérès	1
Appellation Structuree	Polyphème	1
Appellation Structuree	acrotère	1
Appellation Structuree	Yomphalos	1
Appellation Structuree	Tuile	1
Appellation Structuree	Scènes	1
Appellation Structuree	Saciifice	1
Appellation Structuree	SKYPHOS	1
Appellation Structuree	Rekhmara	1
Appellation Structuree	Péliké	1
Appellation Structuree	Phrixos	1
Appellation Structuree	Aventures	1
Appellation Structuree	Peinture	1
Appellation Structuree	Oreste	1
Appellation Structuree	Mertési	1
Appellation Structuree	Medella	1
Appellation Structuree	Heraklès	1
Appellation Structuree	Apollons	1
Appellation Structuree	Départ	1
Appellation Structuree	Charon	1
Appellation Structuree	alabastron	1
Appellation Structuree	canon	1
Appellation Structuree	canthare	1
Appellation Structuree	char	1
Appellation Structuree	SACRITICE	1
Appellation Structuree	Lutte	1
Appellation Structuree	Athéniennes	1
Appellation Structuree	Héliotrope	1
Appellation Structuree	roi	1
Appellation Structuree	architrave	1
Appellation Structuree	tyrannicides	1
Appellation Structuree	terres	1
Appellation Structuree	phiale	1
Appellation Structuree	patère	1
Appellation Structuree	palais	1
Appellation Structuree	olla	1
Appellation Structuree	Iris	1
Appellation Structuree	masques	1
Appellation Structuree	Tyndarides	1
Appellation Structuree	lécythes	1
Appellation Structuree	lécythe	1
Appellation Structuree	Borée	1
Appellation Structuree	Athénas	1
Appellation Structuree	Rypris	1
Appellation Structuree	Vases	1
Appellation Structuree	plaques	1
Appellation Structuree	Discobole	1
Appellation Structuree	lamentation	1
Appellation Structuree	Potier	1
Appellation Structuree	Poséidon	1
Appellation Structuree	Ouvriers	1
Appellation Structuree	Déméter	1
Appellation Structuree	Exposition	1
Appellation Structuree	Kladéos	1
Appellation Structuree	Ajax	1
Appellation Structuree	Képhisos	1
Appellation Structuree	Marsyas	1
Appellation Structuree	Métope	1
Appellation Structuree	Vé	1
Appellation Structuree	Victoires	1
Appellation Structuree	VA	1
Appellation Structuree	VAplirodilede	1
Appellation Structuree	Tficsce	1
Appellation Structuree	tablette	1
Appellation Structuree	tablettes	1
Appellation Structuree	Caryatides	1
Appellation Structuree	Danse	1
Appellation Structuree	Agamemnon	1
Appellation Structuree	Acrotère	1
Appellation Structuree	Dioscures	1
Appellation Structuree	HermèsMoscophore	1
Appellation Structuree	tyrannoctones	1
Appellation Structuree	HéraKiôn	1
Appellation Structuree	massacre	1
Appellation Structuree	HéraSanis	1
Appellation Structuree	colosses	1
Appellation Structuree	Femme	1
Appellation Structuree	Bronze	1
Appellation Structuree	Sosandra	1
Appellation Structuree	OEdipe	1
Appellation Structuree	Cariatide	1
Appellation Structuree	Intérieur	1
Appellation Structuree	Hypnos	1
Appellation Structuree	Grecs	1
Appellation Structuree	sarcophages	1
Theme	Hercule	103
Theme	Vénus	97
Theme	Amour	90
Theme	Bacchus	44
Theme	combat	43
Theme	Apollon	41
Theme	Satyre	40
Theme	scènes	40
Theme	Aphrodite	36
Theme	Victoire	34
Theme	Jupiter	31
Theme	Achille	28
Theme	Alexandre	26
Theme	scène	25
Theme	Mercure	25
Theme	Guerrier	23
Theme	Combat	22
Theme	Hermès	21
Theme	Scène	21
Theme	Sacrifice	21
Theme	Mars	21
Theme	Minerve	21
Theme	Thésée	19
Theme	Silène	19
Theme	Ulysse	17
Theme	Héraclès	17
Theme	Bacchante	17
Theme	enlèvement	17
Theme	Pan	16
Theme	Ajax	16
Theme	Amours	14
Theme	naissance	14
Theme	Oreste	13
Theme	bataille	13
Theme	Auguste	13
Theme	Athéna	13
Theme	Héraklès	12
Theme	Diomède	12
Theme	Jugement	11
Theme	Psyché	11
Theme	jeune	11
Theme	Diane	11
Theme	Gaulois	11
Theme	Tête	10
Theme	guerrier	10
Theme	Animal	10
Theme	chasse	10
Theme	Zeus	10
Theme	éphèbe	10
Theme	Génie	10
Theme	départ	10
Theme	Faune	9
Theme	Dionysos	9
Theme	Deux	9
Theme	légende	9
Theme	Femme	8
Theme	femme	8
Theme	Triomphe	8
Theme	Héros	8
Theme	Néréide	8
Theme	Masque	8
Theme	Enfant	8
Theme	dieu	8
Theme	char	8
Theme	Hélène	8
Theme	Amazone	8
Theme	apothéose	7
Theme	lutte	7
Theme	exploits	7
Theme	Trois	7
Theme	Persée	7
Theme	sujets	7
Theme	Héra	7
Theme	deux	7
Theme	Bataille	7
Theme	Ganymède	7
Theme	HERCULE	7
Theme	Cléobis	7
Theme	combats	7
Theme	Déméter	6
Theme	Castor	6
Theme	Néoptolème	6
Theme	Déesse	6
Theme	Prométhée	6
Theme	Artémis	6
Theme	Divinité	6
Theme	dispute	6
Theme	Grecs	6
Theme	satyre	6
Theme	mort	6
Theme	jugement	6
Theme	Cavalier	6
Theme	Éros	6
Theme	jeunes	5
Theme	Hébé	5
Theme	Dédale	5
Theme	course	5
Theme	Bacchanale	5
Theme	Hector	5
Theme	Isis	5
Theme	Antinoüs	5
Theme	Faustine	5
Theme	Cérès	5
Theme	Europe	5
Theme	Enlèvement	5
Theme	HÉRACLÈS	5
Theme	Vulcain	5
Theme	amazone	5
Theme	sacrifice	5
Theme	épisode	4
Theme	Phrixos	4
Theme	Niké	4
Theme	Télémaque	4
Theme	massacre	4
Theme	frises	4
Theme	aventures	4
Theme	lion	4
Theme	Ariane	4
Theme	procession	4
Theme	portraits	4
Theme	Naissance	4
Theme	prêtre	4
Theme	Neptune	4
Theme	Kouroi	4
Theme	Cybèle	4
Theme	OEdipe	4
Theme	joueur	4
Theme	Esculape	4
Theme	Ménélas	4
Theme	Taureau	4
Theme	Fortune	4
Theme	Retour	4
Theme	Enfants	4
Theme	déesse	4
Theme	Centaure	4
Theme	retour	4
Theme	VÉNUS	4
Theme	Claude	4
Theme	Aigle	4
Theme	trois	4
Theme	portrait	4
Theme	Chiron	4
Theme	BACCHUS	4
Theme	rapt	4
Theme	travaux	3
Theme	ménade	3
Theme	suicide	3
Theme	Tyndare	3
Theme	Mythes	3
Theme	Lutte	3
Theme	Memnon	3
Theme	toilette	3
Theme	Mort	3
Theme	Aurore	3
Theme	Démophon	3
Theme	Julien	3
Theme	Triton	3
Theme	Soldat	3
Theme	Quadrige	3
Theme	tête	3
Theme	Commode	3
Theme	Cassandre	3
Theme	Athlète	3
Theme	Danse	3
Theme	Livie	3
Theme	Sérapis	3
Theme	Procession	3
Theme	batailles	3
Theme	chef	3
Theme	Dispute	3
Theme	Exposition	3
Theme	Hypnos	3
Theme	épisodes	3
Theme	petit	3
Theme	légendes	3
Theme	Départ	3
Theme	Proserpine	3
Theme	Léda	3
Theme	Joueur	3
Theme	Vainqueur	3
Theme	divinités	3
Theme	enfant	3
Theme	aventure	3
Theme	Harmodios	3
Theme	Heraklès	3
Theme	Tragédie	3
Theme	famille	3
Theme	Course	3
Theme	Saturne	3
Theme	Cupidon	3
Theme	athlète	3
Theme	Muse	3
Theme	Amazones	3
Theme	héros	3
Theme	prise	3
Theme	Centaures	3
Theme	cortège	3
Theme	Apothéose	3
Theme	Atalante	2
Theme	Arria	2
Theme	Bellérophon	2
Theme	Nymphe	2
Theme	Nymphes	2
Theme	chevaux	2
Theme	Cerf	2
Theme	Méduse	2
Theme	Ouvrier	2
Theme	Prétendue	2
Theme	Terme	2
Theme	Deucalion	2
Theme	pentathles	2
Theme	Dieu	2
Theme	Fête	2
Theme	Thétis	2
Theme	Érection	2
Theme	Barque	2
Theme	Satyres	2
Theme	Kouros	2
Theme	personnification	2
Theme	masques	2
Theme	Atlas	2
Theme	Antinous	2
Theme	NOCES	2
Theme	Compagnons	2
Theme	Romulus	2
Theme	Endymion	2
Theme	Hermaphrodite	2
Theme	Masques	2
Theme	Philoctète	2
Theme	Lion	2
Theme	Hécataion	2
Theme	Ptolémée	2
Theme	kouros	2
Theme	Polynice	2
Theme	Marsyas	2
Theme	Séléné	2
Theme	Caducée	2
Theme	Caius	2
Theme	Discobole	2
Theme	Coqs	2
Theme	Cadmus	2
Theme	Famille	2
Theme	Griffon	2
Theme	Hélios	2
Theme	Pluton	2
Theme	Antigone	2
Theme	Sphinx	2
Theme	vieille	2
Theme	DIANE	2
Theme	noces	2
Theme	Thanatos	2
Theme	dieux	2
Theme	funérailles	2
Theme	jeux	2
Theme	mythes	2
Theme	palais	2
Theme	Heures	2
Theme	reine	2
Theme	Agamemnon	2
Theme	festin	2
Theme	libation	2
Theme	quadrige	2
Theme	triomphe	2
Theme	TREIZE	2
Theme	empereur	2
Theme	ORESTE	2
Theme	ACHILLE	2
Theme	ACTEURS	2
Theme	ARIANE	2
Theme	NÉRÉIDE	2
Theme	CARICATURE	2
Theme	CÉRÉMONIES	2
Theme	Polyphème	2
Theme	Paris	2
Theme	A	2
Theme	lamentation	2
Theme	Chien	2
Theme	Jeunes	2
Theme	Pompe	2
Theme	roi	2
Theme	Animaux	2
Theme	Cérémonies	2
Theme	Andromaque	2
Theme	Vesta	2
Theme	Potier	2
Theme	Triptolème	2
Theme	Lycurgue	2
Theme	Borée	2
Theme	Αntinοϋs	2
Theme	Poséidon	2
Theme	Réunion	2
Theme	mythe	2
Theme	homme	2
Theme	institution	2
Theme	DÉPART	2
Theme	danse	2
Theme	Alphée	2
Theme	Athéniennes	2
Theme	Dioscures	2
Theme	dauphin	2
Theme	Ariadne	2
Theme	Apollons	2
Theme	Poseidon	2
Theme	Le	2
Theme	processions	2
Theme	Galate	2
Theme	Priam	2
Theme	éphèbes	2
Theme	sphinx	2
Theme	préparatifs	2
Theme	Sujet	2
Theme	Palamède	2
Theme	Jason	2
Theme	mariage	2
Theme	métamorphose	2
Theme	Acanuis	2
Theme	Céphale	2
Theme	Périclès	2
Theme	Penthésilée	2
Theme	enfants	2
Theme	Amazonomachie	2
Theme	Omphale	2
Theme	pédotribe	2
Theme	Olympus	2
Theme	femmes	2
Theme	Minotaure	2
Theme	armement	2
Theme	Adonis	2
Theme	masque	1
Theme	conversation	1
Theme	Tritonides	1
Theme	attelage	1
Theme	représentations	1
Theme	Adraste	1
Theme	campagne	1
Theme	Latone	1
Theme	personnages	1
Theme	morte	1
Theme	entretiens	1
Theme	la	1
Theme	expédition	1
Theme	Acamas	1
Theme	gorgonéion	1
Theme	offrandes	1
Theme	griffons	1
Theme	Absrrte	1
Theme	Danseuse	1
Theme	Agate	1
Theme	scènesdu	1
Theme	bande	1
Theme	Ino	1
Theme	Harpyie	1
Theme	Ephèbe	1
Theme	Chryséis	1
Theme	Cercyon	1
Theme	Bacchüs	1
Theme	Amymone	1
Theme	Agraulos	1
Theme	Hersé	1
Theme	laboureurs	1
Theme	guerriers	1
Theme	fuite	1
Theme	fontaine	1
Theme	SACRITICE	1
Theme	Grâces	1
Theme	Gorgone	1
Theme	vieil	1
Theme	hoplite	1
Theme	défilés	1
Theme	devin	1
Theme	compagnons	1
Theme	cadavre	1
Theme	Anaïtis	1
Theme	vaisseau	1
Theme	transport	1
Theme	Scènes	1
Theme	thiase	1
Theme	tableau	1
Theme	banquet	1
Theme	L'offrande	1
Theme	Saciifice	1
Theme	Antiloque	1
Theme	reconnaissance	1
Theme	quatre	1
Theme	nxythe	1
Theme	Gorgias	1
Theme	philosophe	1
Theme	laie	1
Theme	filles	1
Theme	danseur	1
Theme	adieux	1
Theme	Grues	1
Theme	Meurtre	1
Theme	Intérieur	1
Theme	Géants	1
Theme	Hilaïra	1
Theme	potier	1
Theme	ouvriers	1
Theme	navires	1
Theme	Hécube	1
Theme	groupes	1
Theme	exposition	1
Theme	cérémonies	1
Theme	chasseur	1
Theme	Hémithéa	1
Theme	Junon	1
Theme	Ouvriers	1
Theme	Lapithine	1
Theme	Convoi	1
Theme	réception	1
Theme	réunion	1
Theme	Eriphyle	1
Theme	Athéné	1
Theme	Astyanax	1
Theme	Astypalé	1
Theme	Orithyie	1
Theme	Offrandes	1
Theme	Ménades	1
Theme	Ischys	1
Theme	Funérailles	1
Theme	Eros	1
Theme	Déposition	1
Theme	Coucher	1
Theme	Circé	1
Theme	Cadmos	1
Theme	Aventures	1
Theme	Proklès	1
Theme	Attis	1
Theme	Atunis	1
Theme	Arimaspes	1
Theme	Amoursur	1
Theme	Sosandra	1
Theme	nan	1
Theme	rangée	1
Theme	légendede	1
Theme	Capanée	1
Theme	Dion	1
Theme	Aethra	1
Theme	Porte	1
Theme	Iréné	1
Theme	rateur	1
Theme	Ker	1
Theme	Létô	1
Theme	Korè	1
Theme	Dermys	1
Theme	Aphrodites	1
Theme	Calomnie	1
Theme	Αntinoüs	1
Theme	bas	1
Theme	Dionè	1
Theme	Agathocle	1
Theme	traits	1
Theme	génisse	1
Theme	Pantheuchyde	1
Theme	son	1
Theme	cette	1
Theme	éducation	1
Theme	ÉNÉE	1
Theme	petite	1
Theme	mithe	1
Theme	charité	1
Theme	bacchantes	1
Theme	TÉLÈPHE	1
Theme	TROIS	1
Theme	TRITONS	1
Theme	THÉTIS	1
Theme	THÉSÉE	1
Theme	Sophonisbe	1
Theme	SUPPLICE	1
Theme	SOPHONISBE	1
Theme	T	1
Theme	kouroi	1
Theme	Pelée	1
Theme	Ni	1
Theme	attitude	1
Theme	YÉros	1
Theme	prêtresse	1
Theme	omphalos	1
Theme	fillette	1
Theme	embarquement	1
Theme	chien	1
Theme	cavalier	1
Theme	Thespienne	1
Theme	Roi	1
Theme	Reine	1
Theme	Pégase	1
Theme	Icarius	1
Theme	Iris	1
Theme	Hecataion	1
Theme	Gorgoneion	1
Theme	Cinq	1
Theme	atelier	1
Theme	Gigantomachie	1
Theme	ville	1
Theme	hydre	1
Theme	généraux	1
Theme	Sept	1
Theme	Heraclès	1
Theme	centaure	1
Theme	Dame	1
Theme	kouroï	1
Theme	SCÈNE	1
Theme	SACRIPHICE	1
Theme	PHRYXUS	1
Theme	PERSÉE	1
Theme	APOLLON	1
Theme	AMOUR	1
Theme	défilé	1
Theme	banquets	1
Theme	Tanaquil	1
Theme	signes	1
Theme	image	1
Theme	apprêts	1
Theme	Sabine	1
Theme	Quiriacus	1
Theme	Prêtre	1
Theme	Hylas	1
Theme	Dioscure	1
Theme	Cocher	1
Theme	Barbare	1
Theme	Andromède	1
Theme	Actéon	1
Theme	Œdipe	1
Theme	Éphèbe	1
Theme	archer	1
Theme	Toilette	1
Theme	s'éloignant	1
Theme	menade	1
Theme	création	1
Theme	VüLCAIN	1
Theme	Térée	1
Theme	Procris	1
Theme	Admetus	1
Theme	supplice	1
Theme	BRISÉIS	1
Theme	MELpOMÈNE	1
Theme	PAN	1
Theme	OCÉAN	1
Theme	Océan	1
Theme	Éthra	1
Theme	NIL	1
Theme	NAINS	1
Theme	MÉLÉAGRE	1
Theme	MÉDÉE	1
Theme	danseuses	1
Theme	MORT	1
Theme	MERCURE	1
Theme	MENDIANT	1
Theme	MARS	1
Theme	Briseis	1
Theme	MARCHANDE	1
Theme	LÉDA	1
Theme	Ippolyte	1
Theme	HYLAS	1
Theme	ENLÈVEMENT	1
Theme	DANSEURS	1
Theme	CÉRÈS	1
Theme	CHIRON	1
Theme	CHEVAL	1
Theme	CHARITÉ	1
Theme	CENTAURES	1
Theme	Suove	1
Theme	Érastes	1
Theme	Gynécée	1
Theme	Tirage	1
Theme	bige	1
Theme	lutteur	1
Theme	Dévouement	1
Theme	Conversation	1
Theme	Châtiment	1
Theme	Caron	1
Theme	Berger	1
Theme	acteurs	1
Theme	aurige	1
Theme	bouc	1
Theme	Anchise	1
Theme	Adieux	1
Theme	Achillas	1
Theme	Ènée	1
Theme	maître	1
Theme	Piétémilitaire	1
Theme	chouette	1
Theme	Tristesse	1
Theme	sacrificateur	1
Theme	crocodile	1
Theme	Souris	1
Theme	sujet	1
Theme	Sanglier	1
Theme	Saliens	1
Theme	griffon	1
Theme	Rhésus	1
Theme	Alliance	1
Theme	Polyeidos	1
Theme	mystagogue	1
Theme	Herculedompté	1
Theme	Hippodamie	1
Theme	Héro	1
Theme	La	1
Theme	Géant	1
Theme	Simon	1
Theme	fable	1
Theme	aurore	1
Theme	Temple	1
Theme	Socrate	1
Theme	Palémon	1
Theme	aigle	1
Theme	Gordien	1
Theme	Epaminondas	1
Theme	Didius	1
Theme	Agrippine	1
Theme	Agrippa	1
Theme	Telrphé	1
Theme	Thersite	1
Theme	Tiphanati	1
Theme	Tithon	1
Theme	Lépide	1
Theme	blessé	1
Theme	Titnandra	1
Theme	Tydée	1
Theme	Véniis	1
Theme	Vestale	1
Theme	Amphion	1
Theme	Paies	1
Theme	esclave	1
Theme	Télèphe	1
Theme	Ploulos	1
Theme	Orithye	1
Theme	Némésis	1
Theme	duels	1
Theme	Alhéna	1
Theme	Sirènes	1
Theme	Éducation	1
Theme	Scyllis	1
Theme	Vieillard	1
Theme	Télesphore	1
Theme	Syrinx	1
Theme	Syngénicon	1
Theme	Salyre	1
Theme	Gorgones	1
Theme	Repos	1
Theme	assemblée	1
Theme	12	1
Theme	boutique	1
Theme	Oracle	1
Theme	guerre	1
Theme	L'Espérance	1
Theme	Jeux	1
Theme	Iole	1
Theme	joueuse	1
Theme	gigantomachie	1
Theme	Harpocrate	1
Theme	Eurydice	1
Theme	thème	1
Theme	meurtre	1
Theme	Centauresse	1
Theme	nourrice	1
Theme	pompe	1
Theme	Peuple	1
Theme	Némée	1
Theme	Nécromancie	1
Theme	Quatre	1
Theme	Néron	1
Theme	Nereus	1
Theme	Médée	1
Theme	Louve	1
Theme	Libation	1
Theme	Aratus	1
Theme	Arrhelaüs	1
Theme	panthère	1
Theme	Guerriers	1
Theme	Galatée	1
Theme	tibicine	1
Theme	Calypso	1
Theme	Dauphin	1
Theme	Coureurs	1
Theme	Corne	1
Theme	Éthiopien	1
Theme	Cyclope	1
Theme	Cigale	1
Theme	Chasseur	1
Theme	Centauromachie	1
Theme	Bélier	1
Theme	Glaucion	1
Theme	Alexandrie	1
Theme	Hippolyte	1
Theme	Iphigénie	1
Theme	Vengeance	1
Theme	l'Amazone	1
Theme	Libyen	1
Theme	initié	1
Theme	Poursuites	1
Theme	Yl'Irjsse	1
Theme	Antirjone	1
Theme	Antigène	1
Theme	Alexan	1
Theme	A'Icxandre	1
Theme	Perséa	1
Theme	rideau	1
Theme	llcraklides	1
Theme	imVaiuqueiœ	1
Theme	grappede	1
Theme	chœurd'Ariane	1
Theme	balailie	1
Theme	allégorie	1
Theme	Zens	1
Theme	Yieillard	1
Theme	Phœbé	1
Theme	Sacd'une	1
Theme	Sac	1
Theme	Prèlre	1
Theme	Prise	1
Theme	Polyphcme	1
Theme	Piise	1
Theme	Nourrice	1
Theme	Noces	1
Theme	Niobé	1
Theme	Leostficneset	1
Theme	Destruction	1
Theme	Descente	1
Theme	Phaëthon	1
Theme	Arkhélaos	1
Theme	Baccims	1
Theme	Pasiphaé	1
Theme	Klitus	1
Theme	Palestre	1
Theme	Lavage	1
Theme	Javelot	1
Theme	vainqueur	1
Theme	Foulage	1
Theme	Femmes	1
Theme	courtisane	1
Theme	Enlèvements	1
Theme	Départs	1
Theme	Maia	1
Theme	Chasse	1
Theme	Banquets	1
Theme	Banquet	1
Theme	Armement	1
Theme	Muses	1
Theme	Naïades	1
Theme	hétaïres	1
Theme	acteur	1
Theme	Yictùire	1
Theme	Vro	1
Theme	VHcraklès	1
Theme	V	1
Theme	UippoUjte	1
Theme	Tisseuses	1
Theme	Siège	1
Theme	Pé	1
Theme	Nestor	1
Theme	Chasseurs	1
Theme	Phœnicé	1
Theme	Pénélope	1
Theme	marbre	1
Theme	Argus	1
Theme	Antonin	1
Theme	Papposilène	1
Theme	Offrande	1
Theme	Eiréné	1
Theme	l'initiation	1
Theme	fêtes	1
Theme	Triomphede	1
Theme	Victrix	1
Theme	Mariage	1
Theme	Temps	1
Theme	Sculpteur	1
Theme	Salyres	1
Theme	Piété	1
Theme	AthlHe	1
Theme	Paix	1
Theme	Nuit	1
Theme	Laboureur	1
Theme	Judée	1
Theme	Jeune	1
Theme	vénus	1
Theme	Hygie	1
Theme	Pygmée	1
Theme	Pygmées	1
Theme	Pélée	1
Theme	Lacédémoniennes	1
Theme	Cerbère	1
Theme	Calpurnie	1
Theme	Hermès_portant_Dionysos_enfant	1
Theme	Empereur	1
Theme	Hadrien	1
Theme	Halirrhotius	1
Theme	Ancée	1
Theme	Amicitia	1
Theme	Aikibiades	1
Theme	Anapanomenos	1
Theme	personnifications	1
Theme	Gauloises	1
Theme	Cavaliers	1
Theme	Phœnix	1
Theme	Pisidice	1
Theme	Pisistrate	1
Theme	Sucellus	1
Theme	Fabricant	1
Theme	magistrat	1
Theme	orateur	1
Theme	prêtresses	1
Theme	Dryope	1
Theme	Têle	1
Theme	Tibère	1
Theme	sénateur	1
Theme	Polycaste	1
Theme	Satyreet	1
Theme	Psychés	1
Theme	Paysan	1
Theme	Panisque	1
Theme	Marc	1
Theme	Macrin	1
Theme	Io	1
Theme	Atlilète	1
Theme Long	Hercule	18
Theme Long	Bacchus	17
Theme Long	Apollon	16
Theme Long	jeune	14
Theme Long	homme	13
Theme Long	Vénus	12
Theme Long	Amour	12
Theme Long	Jupiter	11
Theme Long	deux	9
Theme Long	Minerve	7
Theme Long	un	7
Theme Long	Mercure	7
Theme Long	combat	6
Theme Long	Éros	5
Theme Long	roi	5
Theme Long	Combat	5
Theme Long	Bacchante	5
Theme Long	Achille	5
Theme Long	enfant	5
Theme Long	Victoire	4
Theme Long	Mars	4
Theme Long	Héraclès	4
Theme Long	Gaulois	4
Theme Long	Thésée	4
Theme Long	des	4
Theme Long	Hermès	4
Theme Long	Aphrodite	4
Theme Long	Neptune	3
Theme Long	Ulysse	3
Theme Long	Alexandre	3
Theme Long	bataille	3
Theme Long	Ménélas	3
Theme Long	Néoptolème	3
Theme Long	atelier	3
Theme Long	Pan	3
Theme Long	combattant	3
Theme Long	dans	3
Theme Long	héros	3
Theme Long	la	3
Theme Long	prêtre	3
Theme Long	vieille	3
Theme Long	scènes	3
Theme Long	Déméter	3
Theme Long	Danse	3
Theme Long	Dioscures	3
Theme Long	Héra	3
Theme Long	Vulcain	3
Theme Long	éphèbe	3
Theme Long	Génie	3
Theme Long	Satyre	3
Theme Long	Prométhée	3
Theme Long	femme	3
Theme Long	le	3
Theme Long	combats	3
Theme Long	Athéna	3
Theme Long	scène	2
Theme Long	esclave	2
Theme Long	sacrifice	2
Theme Long	Spartiates	2
Theme Long	éducation	2
Theme Long	Zeus	2
Theme Long	jeunes	2
Theme Long	Deux	2
Theme Long	capitaine	2
Theme Long	poursuivant	2
Theme Long	mère	2
Theme Long	guerrier	2
Theme Long	Psyché	2
Theme Long	coureur	2
Theme Long	Zéthus	2
Theme Long	Prince	2
Theme Long	cadavre	2
Theme Long	portraits	2
Theme Long	Pygmées	2
Theme Long	Sérapis	2
Theme Long	poète	2
Theme Long	personnages	2
Theme Long	Éthra	2
Theme Long	athlète	2
Theme Long	vainqueur	2
Theme Long	Libation	2
Theme Long	sujet	2
Theme Long	Ouvriers	2
Theme Long	Silène	2
Theme Long	vieillard	2
Theme Long	lutte	2
Theme Long	Thétis	2
Theme Long	Junon	2
Theme Long	joueur	2
Theme Long	Triptolème	2
Theme Long	Jason	2
Theme Long	Cavalier	2
Theme Long	Méléagre	2
Theme Long	Bacchantes	2
Theme Long	dispute	2
Theme Long	Diane	2
Theme Long	quadriges	2
Theme Long	femmes	2
Theme Long	mulet	2
Theme Long	Pélée	2
Theme Long	Iréné	2
Theme Long	Cérès	2
Theme Long	et	2
Theme Long	Zens	1
Theme Long	au	1
Theme Long	Générai	1
Theme Long	conduit	1
Theme Long	Yieillard	1
Theme Long	Alcmène	1
Theme Long	Andromaque	1
Theme Long	Animaux	1
Theme Long	Penthésilée	1
Theme Long	Archers	1
Theme Long	sur	1
Theme Long	Grèce	1
Theme Long	Archémoros	1
Theme Long	Bain	1
Theme Long	Atlas	1
Theme Long	Aristrate	1
Theme Long	Banquet	1
Theme Long	surprise	1
Theme Long	ouvriers	1
Theme Long	soignant	1
Theme Long	Borée	1
Theme Long	UippoUjte	1
Theme Long	Aethra	1
Theme Long	fille	1
Theme Long	vingt	1
Theme Long	éléphants	1
Theme Long	épisodes	1
Theme Long	réception	1
Theme Long	revenant	1
Theme Long	reconnaissance	1
Theme Long	groupe	1
Theme Long	filles	1
Theme Long	cortège	1
Theme Long	Sappho	1
Theme Long	Héos	1
Theme Long	danse	1
Theme Long	empruntées	1
Theme Long	Hélène	1
Theme Long	Arimaspes	1
Theme Long	monté	1
Theme Long	chez	1
Theme Long	Artcmis	1
Theme Long	défendant	1
Theme Long	emmenant	1
Theme Long	enlevée	1
Theme Long	potier	1
Theme Long	jouant	1
Theme Long	menacée	1
Theme Long	Antigène	1
Theme Long	poissons	1
Theme Long	petit	1
Theme Long	recevant	1
Theme Long	Alexibius	1
Theme Long	Offrandes	1
Theme Long	Cadmos	1
Theme Long	DIVERTISSEMENTS	1
Theme Long	Cérémonies	1
Theme Long	CONDUITE	1
Theme Long	CAILLES	1
Theme Long	BOUTIQUE	1
Theme Long	BACCHUS	1
Theme Long	ARIANE	1
Theme Long	APOLLON	1
Theme Long	Groupe	1
Theme Long	singe	1
Theme Long	Tête	1
Theme Long	Saturne	1
Theme Long	Caelestis	1
Theme Long	Actéon	1
Theme Long	fable	1
Theme Long	Térée	1
Theme Long	Télété	1
Theme Long	Paix	1
Theme Long	DANSEURS	1
Theme Long	Eschyle	1
Theme Long	Calydon	1
Theme Long	GAZELLES	1
Theme Long	Artémis	1
Theme Long	Pantheuchyde	1
Theme Long	Atalante	1
Theme Long	sujets	1
Theme Long	guerriers	1
Theme Long	VUES	1
Theme Long	THÉTIS	1
Theme Long	SEPT	1
Theme Long	Persée	1
Theme Long	PAON	1
Theme Long	MERCURE	1
Theme Long	MELpOMÈNE	1
Theme Long	MARCHÉ	1
Theme Long	MAITRE	1
Theme Long	JUPITER	1
Theme Long	HYLAS	1
Theme Long	HERCULE	1
Theme Long	Cécrops	1
Theme Long	mêlée	1
Theme Long	Dionysos	1
Theme Long	hospitalité	1
Theme Long	Myrtilos	1
Theme Long	Mort	1
Theme Long	Minotaure	1
Theme Long	Minos	1
Theme Long	Mariage	1
Theme Long	Khrysos	1
Theme Long	Hypnos	1
Theme Long	Hadés	1
Theme Long	Gynécée	1
Theme Long	Gymnase	1
Theme Long	Exposition	1
Theme Long	Europe	1
Theme Long	Enfers	1
Theme Long	Dédale	1
Theme Long	Dionysiaques	1
Theme Long	Cottabe	1
Theme Long	Chasse	1
Theme Long	Niobides	1
Theme Long	Ajax	1
Theme Long	Pandore	1
Theme Long	buste	1
Theme Long	dieux	1
Theme Long	Anaïtis	1
Theme Long	transport	1
Theme Long	père	1
Theme Long	divinités	1
Theme Long	cratère	1
Theme Long	course	1
Theme Long	aventures	1
Theme Long	Pelée	1
Theme Long	attelage	1
Theme Long	amant	1
Theme Long	Tritons	1
Theme Long	Toilette	1
Theme Long	Priamides	1
Theme Long	Polyphème	1
Theme Long	Pettie	1
Theme Long	Anapanomenos	1
Theme Long	Tyché	1
Theme Long	Cavaliers	1
Theme Long	bambochade	1
Theme Long	figure	1
Theme Long	famille	1
Theme Long	corde	1
Theme Long	comédiens	1
Theme Long	chasseurs	1
Theme Long	charlatan	1
Theme Long	boutiques	1
Theme Long	aventure	1
Theme Long	préparatifs	1
Theme Long	Sémiramis	1
Theme Long	Pénélope	1
Theme Long	Némée	1
Theme Long	Mère	1
Theme Long	Léontium	1
Theme Long	Leontion	1
Theme Long	Lecythion	1
Theme Long	hommes	1
Theme Long	l'Amitié	1
Theme Long	maisons	1
Theme Long	meurtre	1
Theme Long	Héraklès	1
Theme Long	Nymphes	1
Theme Long	Nestor	1
Theme Long	Agamemnon	1
Theme Long	Énée	1
Theme Long	vieux	1
Theme Long	victoire	1
Theme Long	tragédien	1
Theme Long	suppliant	1
Theme Long	reine	1
Theme Long	provisions	1
Theme Long	peuple	1
Theme Long	personnage	1
Theme Long	palefrenier	1
Theme Long	nourrice	1
Theme Long	Hippolyte	1
Theme Long	Guerre	1
Theme Long	Clitus	1
Theme Long	biges	1
Theme Long	Philippe	1
Theme Long	Latone	1
Theme Long	épisode	1
Theme Long	adolescent	1
Theme Long	officiers	1
Theme Long	Papirius	1
Theme Long	personnification	1
Theme Long	Démarate	1
Theme Long	quatorze	1
Theme Long	orateur	1
Theme Long	lionne	1
Theme Long	d'homme	1
Theme Long	Sparte	1
Theme Long	Latonne	1
Theme Long	Fortune	1
Theme Long	bel	1
Theme Long	cavalcade	1
Theme Long	Arrhelaüs	1
Theme Long	courtisane	1
Theme Long	Aratus	1
Theme Long	Antigone	1
Theme Long	Ancée	1
Theme Long	Agatharchus	1
Theme Long	les	1
Theme Long	Scyllis	1
Theme Long	une	1
Theme Long	sa	1
Theme Long	quadrige	1
Theme Long	matrones	1
Theme Long	matrone	1
Theme Long	l'homme	1
Theme Long	joueuse	1
Theme Long	enfants	1
Theme Long	de	1
Theme Long	Marsyas	1
Theme Long	Amazones	1
Theme Long	taureau	1
Theme Long	Soldat	1
Theme Long	Deucalion	1
Theme Long	Cybèle	1
Theme Long	Caracalla	1
Theme Long	Éléphant	1
Theme Long	Un	1
Theme Long	Serpent	1
Theme Long	Némésis	1
Theme Long	Marc	1
Theme Long	supplice	1
Theme Long	berger	1
Theme Long	Romulus	1
Theme Long	Diogène	1
Theme Long	histoire	1
Theme Long	Terre	1
Theme Long	Rhésus	1
Theme Long	Quadrige	1
Theme Long	Tragédie	1
Theme Long	grandes	1
Theme Long	Le	1
Theme Long	Barque	1
Theme Long	sabotier	1
Theme Long	peaussier	1
Theme Long	marchand	1
Theme Long	foulon	1
Theme Long	forgeron	1
Theme Long	fabricant	1
Theme Long	Foulon	1
Theme Long	Epona	1
Theme Long	Boutique	1
Theme Long	Sabotier	1
Theme Long	l'Amour	1
Theme Long	bélier	1
Theme Long	Sculpteur	1
Theme Long	Olympos	1
Theme Long	Isis	1
Theme Long	Joueur	1
Theme Long	Jardins	1
Theme Long	Héros	1
Theme Long	Centaure	1
Theme Long	Télémaque	1
Theme Long	Her	1
Theme Long	Démophon	1
Theme Long	Acamas	1
Theme Long	tête	1
Theme Long	satyre	1
Theme Long	retour	1
Theme Long	lion	1
Theme Long	griffon	1
Theme Long	cheval	1
Theme Long	OEnochoé	1
Theme Long	Cyrène	1
Theme Long	colombe	1
Theme Long	char	1
Theme Long	Nil	1
Theme Long	fleuve	1
Theme Long	Sapho	1
Theme Long	Héraclides	1
Theme Long	Trois	1
Theme Long	Guerrier	1
Theme Long	Enfant	1
Theme Long	Adonis	1
Theme Long	Alhéna	1
Theme Long	symbole	1
Theme Long	Salyre	1
Theme Long	Priam	1
Theme Long	Iole	1
Theme Long	Femme	1
Theme Long	Céphale	1
Theme Long	Castor	1
Theme Long	Bonus	1
Theme Long	représentation	1
Theme Long	naissance	1
Theme Long	acteur	1
Theme Long	Enlèvement	1
